-- MySQL dump 10.13  Distrib 8.0.33, for Win64 (x86_64)
--
-- Host: localhost    Database: vizo_db
-- ------------------------------------------------------
-- Server version	8.0.33
use heroku_a3ed02fa7d2737c;
/*!40101 SET @OLD_CHARACTER_SET_CLIENT=@@CHARACTER_SET_CLIENT */;
/*!40101 SET @OLD_CHARACTER_SET_RESULTS=@@CHARACTER_SET_RESULTS */;
/*!40101 SET @OLD_COLLATION_CONNECTION=@@COLLATION_CONNECTION */;
/*!50503 SET NAMES utf8 */;
/*!40103 SET @OLD_TIME_ZONE=@@TIME_ZONE */;
/*!40103 SET TIME_ZONE='+00:00' */;
/*!40014 SET @OLD_UNIQUE_CHECKS=@@UNIQUE_CHECKS, UNIQUE_CHECKS=0 */;
/*!40014 SET @OLD_FOREIGN_KEY_CHECKS=@@FOREIGN_KEY_CHECKS, FOREIGN_KEY_CHECKS=0 */;
/*!40101 SET @OLD_SQL_MODE=@@SQL_MODE, SQL_MODE='NO_AUTO_VALUE_ON_ZERO' */;
/*!40111 SET @OLD_SQL_NOTES=@@SQL_NOTES, SQL_NOTES=0 */;

--
-- Table structure for table `__efmigrationshistory`
--

DROP TABLE IF EXISTS `__efmigrationshistory`;
/*!40101 SET @saved_cs_client     = @@character_set_client */;
/*!50503 SET character_set_client = utf8 */;
CREATE TABLE `__efmigrationshistory` (
  `MigrationId` varchar(150) CHARACTER SET utf8 COLLATE utf8_general_ci NOT NULL,
  `ProductVersion` varchar(32) CHARACTER SET utf8 COLLATE utf8_general_ci NOT NULL,
  PRIMARY KEY (`MigrationId`)
) ENGINE=InnoDB DEFAULT CHARSET=utf8 COLLATE=utf8_general_ci;
/*!40101 SET character_set_client = @saved_cs_client */;



--
-- Dumping data for table `__efmigrationshistory`
--

LOCK TABLES `__efmigrationshistory` WRITE;
/*!40000 ALTER TABLE `__efmigrationshistory` DISABLE KEYS */;
INSERT INTO `__efmigrationshistory` VALUES ('20230712081338_first','6.0.10');
/*!40000 ALTER TABLE `__efmigrationshistory` ENABLE KEYS */;
UNLOCK TABLES;

--
-- Table structure for table `chat`
--



DROP TABLE IF EXISTS `chat`;
/*!40101 SET @saved_cs_client     = @@character_set_client */;
/*!50503 SET character_set_client = utf8 */;
CREATE TABLE `chat` (
  `Id` int NOT NULL AUTO_INCREMENT,
  `SenderId` int NOT NULL,
  `ReceiverId` int NOT NULL,
  `Message` longtext CHARACTER SET utf8 COLLATE utf8_general_ci NOT NULL,
  `Timestamp` datetime(6) NOT NULL,
  `Status` int NOT NULL,
  PRIMARY KEY (`Id`),
  KEY `IX_chat_ReceiverId` (`ReceiverId`),
  KEY `IX_chat_SenderId` (`SenderId`),
  CONSTRAINT `FK_chat_users_ReceiverId` FOREIGN KEY (`ReceiverId`) REFERENCES `users` (`Id`) ON DELETE CASCADE,
  CONSTRAINT `FK_chat_users_SenderId` FOREIGN KEY (`SenderId`) REFERENCES `users` (`Id`) ON DELETE CASCADE
) ENGINE=InnoDB AUTO_INCREMENT=9 DEFAULT CHARSET=utf8 COLLATE=utf8_general_ci;
/*!40101 SET character_set_client = @saved_cs_client */;

--
-- Dumping data for table `chat`
--

LOCK TABLES `chat` WRITE;
/*!40000 ALTER TABLE `chat` DISABLE KEYS */;
INSERT INTO `chat` VALUES (1,12,1,'XqEQBAECAACZGwAAAAAAACi1L/1gYT/92wD6moFkHBAo3Rr4fOlJM5CBG8lBi4JSg6HGXRzVnUhJflK4BVUGeQbOD0QmxxQpTyl0bKiYcJUZuubZ0gh3XWNCHD2ZsI2pONE8y0Nh06bWzCF2zxRFp/IAniJlVs82enKuimYmDAx5T+SjaxeDKsPg5CfA1hiz6vE3w2t8yLMOPwlc/WSJzr+kB/4SFzT8zF3JizIHvS4Q3OfNGn1a8eknYkd/UwHETw0cfQpuy09klfvPKjtvgwrzPCAg32c6wP9h8TxUm4V3Of/wFaQnra74aGvwD0fy/bWL7yeFHnw31L7PBhZ8KRTAt5Zb+abl3zBa/DbYEu9mc/qjrJVfZIn96k6rv6KS/BQE7s9rQfpwGiD+/I3ivzqCnuyk8lOSIn6pFvaTqie/x+/np9XBHlvq4tk4/L2oXfidp4G/i4Xl2RIY/xgv1HOIC/xt8sx/YfZ4HDmeB/97faw+74+S2vhAkQn/Svb6zHHir5tY+4BrhZ/Mt/wVLOi9G3LyB5XvvTqz6qvj1H4kWuQDOPX6Mg2/T2qBwhNwRf9iP68XTL36VEcPz1r486jgJT+VrPGggxgvTg7gN44/PMhsiHcaBPAonLJ/EkDpj2vTPvro8peIyZ8Q18LLPcoTY5B8383PeycA/uIRpMfsfvB6NgleT+TkS39H/kiq5DUUWj5K9u/bVr/+z3KAzxU1fU/CCc/WfPLjZPdfikF7c2KbR2lL+Tl72FN2GL2H2Oy/dLW9IFfcQ+9yfeQApM8jRv9H3pbHtAl5b9arnwSn8NHnsl8uc/oxAOhedpHkYelAn/TL8BtoLn6ehbMfga59pYu/50Ixfp/Wlw+EdPDetVE/zUDsgaOyHtbY/DtEi//0dYjneqJ7y6fQ14SV/BMCwP8BXv3ihDH/jZzhL0lAfwKqxB8mmT6A1t+XcOT6HrIG3jLcw+fcPG6y/vfJtLwNou7/RqS+bp/J33+c9yT8r0b3/M7pxUtq4HymHs7PQEH40IoUr0Es84eiGS+7oOq7ehM8CpWFt4LB/rk07B+pGPwNT1Wjg/8ELCTfcPf7L00a/xnP+u9Wyn6Gm+ud1Ch8BPva34AlPYkz3NvAIH2HJszHO6n6LbDG/9gu/D1EtTe/0PhLDWzepcPvb5chfqOFxm8hq373gM33bFp7tBcDT13R/AyUxl+TmPWP+u5eElH871sHvsoz8C3zjP6ODvJAOhKeB8LLd+KUPRbN0OM0gb+pssizwAn475Pul9nLeVwqiQe9MPu7IO2POj94tDvp6xynv4Dhw69a6/nXjbovE915q1vFl1AReibAlN+lJP9sigU/u1v4KgS43455/zUewff8znnR9N3P+mL66gq3zy2J+q/jFD+55/jn6AW+PCzA4x1xeBftsSdAWvsTYpH/K5D5myn0PjCGs3/1UPw0Y7AvAYD6mRnV76Wk8RACeL4DbNAXHQD5PmJDH1QG/KgT2t86W/TbS6dfinb7ueSEr/QC+gCqHT/tDemTjmNeUDL6FaTFfIyw9fsZS7/JI8pzpiQ+0GyHr0pf/GRq2GfgQfS7quKPN9333aQ2D9hY+OXnNB+nQOOZjSJ/yPjpBUnOn6Iu/Dvtch6xjecXmUDedAnEG0h0eiumnj9am/AUWSCvWrz3oQjwHk7y6Pk4+v5CBgFPGMj8ytLjbycU+gjpjK92O/7DKq+PMsn2KxRCXjUo76UhmZ7YnvVl62kfR+T5Ba6yHixd6DXoCD8BzNCv1n3+mV7kxxAn81o9e9/m1/t6KWjf8VXy19xQ30C76HlCql/r0PYBc6p/Jgbr62BHP0dD49fWT38GUPhdWKOeh8bkE98M/8SP6i1qaP7ktPM9bkQesIfuBex0vQB01q9UqntsUuMXrTH91OULLxvE9hn353/0+nmmH5PvhUv+cXvpb/hT8CYm3G+1svziW76/Up70HM7VMV7p5P8jKD42w5K8P+IpXuKPLXN2j8XN4UAEGWeTDBH6/RmL/WiVllbFvZEtP7Y5wwU6KNg1fSUZrjNskpg0S9hiiUIMZGvqik7HqNvOQowuyA8IAHnhsOWgPOyNdTKetwyydyf0zBEQlKiEANYD45NGVtMDSAlJbUZZSVhqOYIdCqpDT7oKtHLrndWPhMZDrYuhtzDoMvbk019aRwbxRPOciImIWFtGviuPa4o7YBlGuCVP7RylYIYFGfBRDRkuEyHgkwgxiTkVnqkaOAN6+XjD+imn+omJLlGEUUBXej4JK4BK3NsWFREr0ksU3UVFXUhHiflCWMkByNqQJRP7QUZK+VoHaqnjbDBZouJus7pVXd7MtGmiCGQNrKHOICANNyUQxHrC8KETRHt6JBH0DPUtmKguRs95xLUMQZGGhE6ikG+TQV+6zQAkmj0t0OcdAyiwIYhKUJW1PQIC91iQDhr3t2LltiQxwjjYG4J9XOb3rkiyweH2Z2XImior5JsZjghW5MeLAvuHLqDwq1SkdJVu5qiLR7BxMAAL3AOaCj0R2HW3jDWV5WMPwGcd5SSzeorVYbXKBM7HzLuF4kGnFzWaL2Rwu7SDMJzSJo9PSNtKcS+dGJo6DSxAUaJwK9gw6y5DACpIRXZtU6SgEAdXMHVZtXC4Cja5aOotrWdt4OiBJwIon3NzoWmXG/MOuIrBcho9X9mZdB+vFwjCAKRcuWjgIVaCEJZYsQQjooSh2BzYbfgzqfEyhIHPGkXOcSKnDegszS59iq8MsJ4qNzEoQsjJkbVQaFW5juFdinw2hAAj4nWn6CjKLUM6/hrDSOdJXUsaBM+a7kASi/trnJnXBPQ2QMVirCP9EoL5mF1EzXC3A52uvgrnnWN0YQ5ZnW6NbZWFW10RDjYCrPcQK9FlJPmdyzKSdf4Wntr5rKpBvyo4x5F5wED6RZJI57jlOlFdgoCFb23LNjaaAT4IccQSgl4XTvrEoKTAeF89kNm/VEQxXCcLSfnt3G7IFOsJRvR7ST2icbaMgOunp+eLHVLb+WimhpbKwM5TcEXqhCT5RJKP+627wLEA1ZoKCULEisqCiY0wUIZf8ECZAtsQtTYSvlPOO8xoZnV1lDB8b/2h/Pi63w5iCXlD002bAF0F7mVHlxenc+0OUZC5f/VRgtjctvUz5yHJCu/atnOyx3JHRU7znpog24ZINkwkIOZB7uvnR0UkDtWoYHr9w0BJ0yGvTAyDWzuQqASbUSbRXGkmWI5lF3pCM3mZItZOzsW9u8hUL9GpU1sLHIgBaUmSe6qgouqAG0ClAlVDH3AvBXG7Mnmc8vKRM57xQIucopWAVc95SVdmZHn417z78q+nDEOQB5loKb1N9LINUTxR9mbeDkEfcpYhaTc0i8/TRWPmVoJx151RX2vSjhttPMoiJKIL+AmC401Ae3ELK3aBfNaI4HPQUmZQhgtxYky0kRbJzDGXkeObewrpDUI1zvlvpbD8B3HVLyoG/6oo0vNUWz5fN+MHASf9k+fxC5+xfuE39V9EVz4jps1L6L3+P6DHzyr/n2mPlyHh+rm9kl9J4noJKHjvglT2zn6+P/HB6SUy6D4g3djHmp0/d0zvn7nZ3269+qVhh37EoualNmEf3Rvs7xu4H2By7z1Lql4vxPbfmUy98KLNc4t4fe6YhM/Qoeq7YimfTULNa77jL3vu/uQv17cxjb9r9u+Dg66+cobUc2KEeHLpmgcOaXu4ENEfK5HyqIp0L2pA6VtsGD+diuTDtNK/00HXU2WDfsRZ9/+9Lr51JskXOjt9T1Hzl3TvPgHaqbdHqPsbEcNXD7d6TnTT1wYd+q4GfAUMgcQZf12EJjdRnDPKRw5MbnsUmsKrLREI1jOiDSsfatUndJh2eS4udTyGFjl6F6+mRryxEk36KC02XHNHT7csfDzL0c5twaQso7ZwSn/FXONGgsiRcNee4G4I7IHsRD5pEjE1z37pgBbqtPTxAOS7IVlaoHdlwSqrIjFaYYVrmfnYbpyrjY8DWi9zIDK3SOC61qKwscyhR9fVEDcnk8nEauJvpG4zrgZFvmRyGDLUuapma+guMIe9vHtS0jphYa2kzJqTRIz2WL6yrRZ1HJNPp1Ca7skI9poNoUJTh9wVOAeoKx+EiYVNzkQaqJiIXZrWIO6mHgUmSOdsYQzGcHhE1cD40gsoxxDu9pwmL2sa2gaIGSILV1zEEsQZ2Mw6ixzSeKgXrkz6qtRl8BorqLWFQJ+R+hXH0KaGdoUZuQNY0W6c8TCffeDwnDEnCbxjjgkd8tenSXv0nrhqLBg1zwNrBiGE9xvjGbM6cF+TLB0imAchDI4vVO4xALI3Hqsn3zzunoJiXtk6iO3oMF2pg0wAMhUYd+6iaHls9I9QLLkEg8tSjjw9wrqwYHYwMib6tm3kRhPPHByphCJWBpyvIOlaqPQ2kPAPL9kio+MSm9RCmuLonLuEGmDPcXN3TybaRr0askkfXEglN/f2qkM/7RzSstQlGhp2rNKtFZKarVJRpNnDsrPxq9R7AZXcCxMYLVEFnS4MM+0j0xsH2QTYTOn4qJSF36ppR0KpMA0FuTMu0Eoo7boAnuYEs2onbe8aXBFSoH4RTPJgQW4N5lKzhWsQ4iuaGZBFGKYe8XV2w/tZegd3hy1AGQJzFJ+u5++t3AJiptxYIEv1O14BDrIfXvoUcLTAfOAwY1U8KmmtQb1cyz3RSESmExIgkpWoL7pb99xbV0MxZTIwCFTOGOtaLpdR2WejSWjBnkqpZylZRRPTh6tJlzTb2xFtcQ6lOAE6Ps+Z17Y9uG0iPm6fXKjWwPV9SYhhLGMn2+kGwhIv+W/CYltlm3etcpUici/M5+cX5ewkIiUVRYZJecf42acVbXnUMKJlxAi0wORbbJ5mF3KTGZ+MNgmGA1XfsGrXBOy5zFNUN25o5hxwz3UtBnijekw0YSyqLDL3JoZHhWrQ7DwSqYIWz2TMjNJAXz2BQN9mEL0VSxeWCPoWC1NHp8UfOAf0nB2zgQsk509nh1uFuGUfDlnWZZo7/GlyXKNf0xBFiquMdK4mqyFTpwPfwem5RZYI63ZSePrgxvywDUZdLQEUpsN4X8dznV+J8dKlsJKMmDk3iFsC0dtYJnkzrD6J4ZqPGgAqMGiFrMzZO5k8SHCqUtNAoQkYi8cs9CBkjefBKisUjb0LxeG7wm89dmhOn1bOCemrsm9hZSCeqd6EgY3FgszRD2CdPxH8rOBO1tEIZRF/SX1g8HvhjhVEEooCRxU5pNrl1beuGtPIuFBkwyI8EWwOukxsvCo7RnCpCkGHz4DZSPPivAnvN8zi495Xl+Tjy+QqYTvHJ1vg4kTe0wlNp7VbxHOfRYlGHtichqB5uqwDTNeu6VzDlDNHr1VmiLhVkWNiy5NpVSzURLVkNlZch2+RSrcUQcC7xtQJQFhpvMkyqqyou/SJqhaoEVrs5EHabmt9VCNUUDcGu1vPLoRtxCzLCAU0pgseeoULxNQ/LHvgtWt194qnt8jMShJeSyhHKR/Z4K2SoTVmvatZZ4oaadRoYIZZBwm1C3cF29mbHqguO86qH9tlHpuyJh+qha00gnBpt3gr01x5UABIwRHL9VSQLSlk7zFIQpO6d0sFzDQ+pQ3fQrSJUVTlo2jD0dwUC+9InpbJv3HdGA003lzjXA3ABBHPp1q0U7P1UEjFYGOgKuiOF6haU8SADp6aeg0/m+DAbJi/KcOlb1lEYMXSKNgVnluQDUKUE04ombmCx3C6+IXo5UfQU2SZzNFLiEjv3A4dI3tOzXSYTl5+NsN2zrIRPZQrYEm6VORVQfAA8wQa4FhsMV4/OUSExijEQsWL82BNwMkAlaVQsbczjupKNFj/0P096chKc04ySs+etqi9lIKpIidenu2ecaZhUFbsPH9wTmUcF6k7HZeWED++6Ck9fxIeJkXggEh8hoGpe8OPB9QdBYXm3sPoVOXSo2oEXg3icQ0py5c3FE0buZlOLYQkugYihK+tzXAIcZ42zQjKDWXVVR419JCWLV4/9Ar1pJofke2t4xwcz9gk6uZcDbrXedGckDJjfwwhmTZvgQnzAL2vSD8rXGqxsW5QiWkNXKxerj3HrpEpi8ug0uIA/E9CrssEePfwLTuQr7TNoxzohmuFUFJk/NXdbGyJ4BcsYbZxt15usR2avX3V5TfM4fpoczNDbgGEbKmabXSyMnQIjkRG5YBbx0Azx9AjM9/O9CBnIR7X22jsdnoDPpLtUDpzBGI6UAzKhlJaWs48ayyiPS9PXf3w1kUaTJWnZ2KOlJ4DcyAtkDWEzFOxieiH1tJKe+HhTW9B7d8vF1qcIbMUad2R4TZMDS/k33DIBAqxCzhkDlo6ggs4/xUtWSa+x6132HrMOfTzCpnQqjFFVrl/OHBy3FNhQ2aNfXlV2grrpFNLmQM69xY0X///zxMpVFlg0fc7y4JPI+yxapdyHdZm0BONRxrMSPaVp5Bte1fW1VLaChFUgGcUDHKNZbXQWGlWL1tHIafPlzntEoWj9SiQjk5r4Wf6q/r1r1yHsvBlAkBu2GLXaEJnPiOXIuND5dgav9078o/LhVFqhY1Vh7QJ6rYZisXSGdIMoFTU8lUKF92IiYWxdbhNXQFxQEa2jPmtmvKabcDrZqs3ihopA3iw3S3zODdikHj5VPNwoAgvy4A7nNZyBA9MuLu1kh2fw2DUOaFtctcAPDhlnDCP8fNyfDzlfW2hvdsKGZECErAvOIEmkdWGVF5WGhdQIH1EAcngxs0m8eUaiKHWxu5Ltpx7bdziDmjfhDDdE1pzRUE4c7gJGGS4IqwRyLDAxIe7ogoZrY/OgLP1WvrUHNgyEVBy1uQCyMBoQrhctMm1bzCnABi0LIRKFl9TVAOwFN6o07Xa6n6+8jZiE+LYGdUUhXDUluIV42BhCCYnqDxZB4y6QLMT9ei0vVZkmpVCuUEEpb1XwR4Oe6bF8eZ2fAM5WSGs19n8k4p4QUnIJ+0GxGZkhsOb3o+f0jmSjXesHbc98CW19yMAWvRIOBsCm+M7qCczY0cDN8h3Y4RZLKKUXK56IWg9bzamZaRjtS7jNEEPW6V5L0ZRdwJpRMTPoqSWgohkXeUOj85V99SY9ZqRcennDirX0kBptM8zJ3dHAG9kIHbrBxDgyNyBcw8rr7q74ePx6qwMzoUEFVi0ADLQTMUEoYKUciRAbK6yBUe/tTje3GB0ZUCqBdl68aHE0ai8MESTpyJECN/xbBnEVDMaYxNdDHZh6g3qubQYuaGonRm0ctxWCu8G2KdQjzZLYsM7ChhASJPFEApD5uIY/1QPxsU40uBFb2xehoq4njsWK1W65NCWUMpMg8Gkxn390UIy6IvsZ5677MJnppu9obt6SQH2r52a2Kvb0tOFjFla9b4cv2qT5xGxupW7fbrYBIXn4xBEgmsZK66ul+5f155PWlJGgY4pI2KzIbXCVFkIDUJVtQvxkBiwggbwGp1gylNdI4Wy9Qmzs3JKTCYRYx1IMn8wQHZPMGaCApwgwOg4volImswU62rjmZAkVDYNXxpkGeasqcafT0IrQriJSdMZezZxucgxGX/wXvowLRNFrX469zagk8UQ4uKq07ijwDf5zuqBc6ZMoXAoFOeLDgRTQBruKhyRNC8ptZWOEm/cdHTSExg7xlmpMs6ZWIA9U5QD6d2qAnFyeFUO4gdO7TPqO12F8kPb8Ef8/asnTt273O4OWD56jAI13loXgEirFg1Q+xVz3lC1w5FTPCxdremhFjG9po9s4+PHgjQmuIrHbK3zZ2aFxHCGjXvwz4MPrXusJjlVo3zaE9fGkt1hXlivIKBYlQFZyYu30R+N11W3o64dSEAqyOAhRIUAHnBho9oKMs5DyZMbv1t7M4jE2J8F6O2F8grXHjC4SltG8Ni7K9sWVrKw/v2Z2SWnzmKMGx5y4ssMBUlwSDUaSf5DbNhS9L16S9c5ZyGH04O4BiUO6SkQ1bIrBEHdamu9IzSzJUe1uRzwJlI/R7+kaE2RL2KfJbWjQ2xO2vQ6dYNnO80AflsFjxNOtWEeiHQ9y5Ch2r2KMu0K4i5Ps09ouXx59cJlDjNqG3cGwDkXCxaGWRRKQxLGFYKwwSSbfEFh7Q4GGyeqlYCoWul4Yl5nIuRL5ZSBnU0FlpRFoMBJnb5v+1ltyUCCg9nQJjew6+gDwFxdZbY0yC8gjm3yxIGUtw4k5ROcbHc0sVklO4KyZyILIn8Xt7uci7Wz7PZsjMgQu2kMdUjFqPAMVawcQLd8gW2Xi6ASvPd+rB6pmatUdCUoKlYys0S5CSAQHKlVRwIATS9D0lapVsZY1+ycI2EFp6NIiZNfM19OZ1Fqp1sNgwRY2h7YgSAFAgp/tuzlLFTdAQ0cxCnfkImBU2tTkpHmdcDQ5qemzCaF7jqMFVVnWpKjYNOsc16GMA811aNyPWnkWY3F3j58hOLEQ+iaCQawiKGwUNOmSvART9+5rO2+SNQNnQDuXYFOZLXz8/m0soIpzbIBCL+jtYltCphDx6A1s9SPWbHbVSYi2kHZZYQflsfNk6O1ihicZxaWwJq3PkVXVi/ewCfXoSNFgGvDBzKnBthnxE+Z80aNk3k+dHx8rddtQC6fWqbtO6vWdQcmjiN0H0TagbZvsEu6iAWoFAAEBRz3O/oDk5+ADNAAFAA48atJNiM0B2kbpAdAKoqDyUIEFOpE9AdTGtBuOpy/Kt/eTeyciJTZXc6VTV8zFtHWG+6PxXHN3/zyb3GQEzEnojToC6IAACAnRsaExFqeOkTFzcxK9zkrmZ3umbMRZbhu3TnPHornXBA1eOicwEaknc2Nk7PX2rCqPhGxIzALe3dOjo2YnY1I2I4OpLBAZZ5zgaSJkHU2Nypvsw3d9v3MJlUW2LcCYlohowdfEVE3Z8fGRumB5+z6vgUgCgACVJGoKFgUAPD5DYMmQtzZvDk5M2I2xRsenZymyjf7yFbL/m25yvz/kDAAMQEAkIreIb0c/3J1ROWIiLCbM2cja45M9F9Wjk8p7oL4ss/Jv1wdUTkiIoz2y6/Ac+hCBBSWujVKS/d68+waY68Cm/adx6+seh+k4qvBDH/BuPZ3C8cFJ5J/cM9fmjue5v3l/3foj7cDKF16ublyNTUtYi5EhLyzufYDjCNrJinY9BTHxxqL+B85LM0dT3N49zrkwqvCHruCR4stnIZ6bOZ36I9fnN8szr8He/zB/fv87xyPvxf+2YV/b3D8G/r3n++5D/7u8Lk7fN8s+DfH9//T837w3vlwg1bJ7Ek6jfq3OduOYbniJPYf9s7He3bwnfv4/y/cH497/uCef2nueJr3l//foT9+cf65OP8e7PEH9+/zv3M8/m74Zxf+vcHxb+jff77nHvy7w+fu8H2z4N8c3/9P5/vBe+fD3vl4ZwffuY///4X743HPH9zzxidePxgOPvzH/63q6Gm9MPwH','2023-07-12 12:29:56.068818',1),(2,1,12,'XqEQBAECAADOHAAAAAAAACi1L/1gYT+l5QBKuw1oIRBAvhkHdk8GHbViNuklSDfn28qYkai+R/RUpvxo3ZaPFPgFNwYTBxuemRx3GTrOl8HG8d5kqMdl/dBm+NMlpN9GivQTjLWPG1H9SNja1dB6H4dc+FItz2cpmXzHBrYr+Vpd7C34Ta7ZB0OLehYInA8th96GD493VsA7EA3pCUsg+K+M2gcndh3WpMAvM1xdgJKE3239PCzT6UQzsn66pfIoFJp/KzD7MzGmU8ni3dtO84OzvTfyjfC5VZHP7V0+bwWIb0/S3jLZ8sVd1cdE23mhdN9ZtCDxFc2j2xzdOBwIhx9iEHDtB37GyOk4wYf3DTH7KZDpFYDifZis6qOMAp5qhXq3pq2nWUufaZXrOawgP+6QfLQdwS+NqHBrHkOPViH6l9Tidx5QPYxR6BZ6cp630nIBYjkvcyZ9lgDkS/psf5VW7NCaMNeFdPBP2483jlHddQXJ1ZihjhqM+VlTsV+V4l1H4+nphFE/uBp13BAOrxKw+UcDbQ9Nrnxpt9hjvEH+wNXQSXiJ74IF6q8GcF96kPB4Jbl/ACN7BwhGDyDX+SsImy/n1XrD46+XsEE9WETDncl6nHIv6R97ateR2vixDoy/njTxWjjLg6ite2FJj+/0zh3G8/OFv7YPCmh9BNUvJ/uR+lsV3EtIeT9iZvB4WFXXQXFxpkuicw/efQGrgueq7RwAMOKRyKqupIjgVD3cH81D+4BlnzuHGPqYHtnTLswcqWjqOScv7+nAfBjed28F7vCfEp73JpH4EhPWh6Ks+gMRq5MQ7PkbneG7EWSfgBvg5eqE/nsJcwfb2/8jRnEwbuhfa7de7Tjyty47ro02/bs8s0vwkb108c0BXGYdhk30eKmv/7x6/GzvqbUoX5SD4X5kOtdBgP0q55t7BgC5i6nWLzvGOJFijyeFdf/EpelJS8A88jPCkXK03efI6SkhmRf8uHkyBAnnBgQ87AHu35xgnfLn651DmH8CVnCc1prHJPG8xNHvC2JfD1T3eFScCMdUQeFVNd6uhbr46NrORz0rfbH257dblN+0GX0zHOphPRtcdxTkzwxKLoPQ+IZriK+TxnkRW8otW0SdNUjE43CZv6DGyeNEiO6nYuQXiNCOFfLzbsbkq7rWvSsQ9j0pLX7TRHpc48FrUoa8mjfAja6wn4t3cuIBrC9BHftKSeZ/ZnVfY5R1nl3OxygoPG3O57GRJ/9ClPoM5nqfYSzohS+Lj/Ec9NK8ldMO9v52xNHBZGAuIxfuU2CCD6GGck5Hm1PmbB9G8OhHWLR4kF3YJWM6D6XGdxUVC676eHUAnUPXNQ07UAvYf/c4fHNz5SKGXG4CmfoYcjlfHcPphWl2z7FO/VDO8nsUUH03VIanSLu5EErjRUfI+F+miw8gMOOwcygvhlG8SqDym2nk3ZRN9ypMzFcycvEQpZuvptm70YTSAxtQOp51gi+m+DgPEKNHT0BxBLOXJ9l7fljr3GkMMDoB0tCDnjbdZVL2A96kvqSBxV18i87DEsEZfX6/QfXnQqNSB3xsetkuDRlTvxeL1kvuWD9C89C7dq8f92l7a0TZ48hj+ipgj6dVingXGoefLbkcWuvqIykAD1IidezToIeRnpzEA82PeqLdNzfotd8F7hZd+zfv2xfWvt2oDuhL7A/Kfn1QkechrX4+hiZ6NLLXDztocVDiuZ/4+D5Mb9ND15LvNGD6u4tmFyH8fTbd27NlePsuCw7PlUy+8jHpq2yQPvU58DOWUj6Cvf2ixeDXegW/wbbKOcBon+6Gjm/LjV2CX+BBJC/9k0z6oWZaZ+suOeLH4qHw8q6iJO2q3Taf7dD6rSvX9/B5k8T9eXez7+pH4TV2vD/DC/jcuJ3vw1w9H4C6UzLYvKyt4N1ecJwCy+6dUrHetLjhn2Yyromj9jGoqA/BDu4YULAP45jlPrNFf90RO/Mehtd9SX42kOdl1WlXcRP2YEDs3yoI/Wzr0zFA2PETJM4nzfodEEHUX0Zt/2n39aAHZQfWAPtQbRyHgfY66IfJmRqhSl418/8jhCWTjWrHPx5yAP+tRLL9rc6+2zbgCw1zoMPgBt82prLQUDALdm7Cj3TGdwHIb4yHnHdVfR1w7WKdpr/k69vcidRCcZiQgPfTdSGlBmLBLAc2zJGINb6HFO8aLzQw/nHpm0CzwpUA67GFFt1MbztOzTCplMY0QHH/vuiczhCybKqNFdyjfit2ZDTrfZH3tWp2kkgLpVQWWjU6BV0yhVlEo1lA9u/TA1llpQuRbZ5Kf8JaPFg9SQO8PAjjwgjUPskeYeLCiy7ASvZ4tIA7yTXwi7QywnYDGqiqwis8eG1DtvyhbNcsbgZTJwmyyB1WjpjqkpUV2tCwee8OQfHBHiPSyIb1LO3l9dzo+Jau5B2G4k7m7DYb9lSlniFfjjV2YDm7CUuDdowu0S6pIn7shSPkYfITwbXCdQ8YIExfaFME75wNRxNC+IwYWMi60OMaBxcEuRVVr91vKBWr6qGoQSoB3gvgIGSmXOCeppFg4DIu8LiQCvFfLH4+xZPiWzAAcQE9vv+rZvO5obrHkCF02w9WjwRL+iZ07JHNaB+YuXWsKAoHjmz62pOAK55IvZTO69c5cP/AOXLetMb3Zs2cQtrK7e5+bnlZ/E5U5QtDx/jfoMxlWuquAyb2HhQ5T20RPttf5V+lLfzmaEMVi26OZR8CpXG22FF530bPhNFvNzlQJDFFWStxzVh1+r509KgJ/mC33OhN024GCXF5wRj3glA0twcgrCyLhgoRaFYHsJ2aAuiyxZpTXszLDtKe6jScutxgvOGQejCfhIH6F06ph93MHoMT6reKgK9TVnnElsznUPR6hTcNp0oyfg320N+GB8+iY/gAsjqfZqL939HbzSawOAoD76sVU75RhfrLx5h3+ib8h6oFF5orvC6Q9317lu9tAuFHaIf31lH3xhmr3xrt/C0r2w8Tjb+SWX28C591aseF866+V4t9tcmfd/9cHY5A32F8ZN4FhN9LtWq4bRj1CymYfRvT8RyaRG9dwMHPjAE82gb4OYk4Z7GEdAouStw7O+ajqgsuyez6AdwOrjp1eJI13/8E1h1GYe9bCqCcgnXfAxiocLds6DOVPd1D8NahmPOOx6n57BQs92XR4ruUITdMw7pzCqlj3cg8r+XTP2wbHEdrx2UCge9sTf1rXcCnJr49m4vkAVRobmXL+aGev2exDJ3GFOADX5Quekj6mhU2J2G78xXQBCdgF/NfGm1nxcF93xXsib+U7jsX4iY4NL7TIcKjPW/vl0PwajjeH/Tg9lzklKOyYDqScdYJeCK9wenpnY8GXMblxlXANP1Qg4NjuPW8gjitS1riXcHagydps9xWs+k13BrcMDfDSUFsP2Oa6Z+bEv4UVPors5irOOI4Fwoe9wnDPJRWyaeDzF7UxuAkr2QXnkV8Ahm8v4Dw/ImVs0/5An0HN/JBfjuuHWP41YoEblmM4DpVzUfpzLwb9/O/WBMP2ib5rtnc440YeJYV78P4jO90+eHOTX9nqrS8Cyngt6Q8DyIH+TnmOi/kjf0EDZKuBGr87EMIf3o18Bdtuj+5XvpICwIPlup8huO9c4hAesPG2n/QhL5fEoRPijSd+wPzWdc9HiAJ+1dHol+6kPfqAjCHESLCS0rYvUCDkDN3OPtq3tGTxAjvQcjwdk8d3mRI+JGmzLe0dv106MNFNMTcx5j2pzNnjytJO82Hmvt2WjjKjPRfFzT+9jD4JJmsp7Mg9isa0H+tMb6xLPWZuzKPjnb+GYquzzhNOxKgjF/tVrhJgpDfSRHeSXPCmQ/gOBcI0rPYQb3WFYfXRk++BKyEFwoKuAWlwl/6Gn3mEPoOuLn/tU36AM2KJ+EB5x4s0FzOGvUzngsO1CPrbM0q9wbxvSrz61F9YH5aI3wZq6ZHh6I9tZb6P6LZv54Qehif1B/afR9XxecGdIPPk0n3Udvugx7Fn/aKzvfE/anNxstuan+K++MlV1z/60H96KocjyH7PqPQ0DGsopzKRc/1WMRcrcLvbyhkvdKNxxdnQJ5gi+/eJLv3UBd1OmzQW4NpX62y7SlQL79gh/tGOiSXmTY8Aqcb13mQ4c06H9c7SvAWpKUnIY3jKlJ4r7NW/NFH7If2oXw2te6EWCs3imN7mfHcsVUSvzkh6DOgbfewYPdfiVyn+UJ6NBKPg359eJSFpa86mPFABgkORmH6SLMBPDTNzHi08j3SnaV4gRQiGxulIHPL8wXwrNgNUSkpHeOfNyIrMwyHOrvJTA/8cMd2VH7fsjn/TgN4U/D06cHNCLTqCJszc6sN+Jq3yLOCTjYQSKyfEqqCq+tg1o8PHUjomkgQcylh6cgDUvK2YtivFxoXOwSLa0Zu09mrxnRShJOt0LbHdLABAcXEvbDRHrRMN1ig6iV5/qAF7k6aUYDLdgKoINdjJSQlpYpiviQasDNcLmHcDTponv6OaXArq8EXKUdbiexaaNKVIhK1KUQGmKy4qBgcJmVdiKYjkr+ENZWPjbKaRZdApOIcqO6LU2UyawCg1jQVrIKIPCnWHm/fHNfV2j2WTZGXGOTnzylhYxB0c3Kg17ljlx9tRFYb/tC6h/P0Cl9jGFtJAGz+nNJRsY3LglW7wm1rKhbprE/ZBhSzRk1AJNWIliIyiJQY0ikFaAEUeglVYYPWQUQ1FJYq1JaG4rHNskxDHGIHqXGKPFLJEZEYsimoFje4pv0FWRXlXhGP4JX1yzm7VFxw3omNCmDKDhbA19TQBFqQiTknbOOHg06UhCWaE0pjXmkiZArHJjEfxdNvtcVKxmcgGNDSA8WFfBXE7pY1mCW4PsFNsnmKEdQEVPaUMyFVdoRE7KnqYJUC5kcBDewsxIobyTwyPXHflSwvT6g7WbdTMJcEnj9Hhwm7MQ1Xujg7Ize7lKVPivqgjj6DYhibPW1+/6R1mGDCjo51GPf4C2tBCW+o7EAaSsWg7jNZ49k9ltReMe8RlMRWczRpE0zS/DgjgYlQ+IncIC7itc7MMYOZc60xgXJz8Z4X8BKHAlNXOagPiIaYhojSHtNy2Yq+guOt3UDqQ/rE3MvMGgMU0EOjEw0OAFAjli9SbyDoGVDkFeahAA8AEmMkLgw6CJ0+GXpS+CjQkMwhi3E7AeMY1bhYwipiZOHuqqTO2CsJgL1NEFjgxOHJjx3YccSxcFdPXcEm5CokPRYWwU2i2RIy8Kl70puBYIPjDDYqWYEDOKJ8diMViXYd+NmlwaCq0GHiJGeaguLK0hjIJ7Np4jJnws2m5KqhEF6T5yrIrOgNBZ5+1DQnJQlq/bB6TAyEokm5UAWGZLEhZWFMAIoDDegmW2hYEcvgU3T3JyJCCSk1DHdgj20FtG+3lSIx8fIy3PURpxhlN81gmpCp6Hfhc+7F20n6z3KYG4CMn0omY+Hr6WmQ2VNTyivgHasaSmcUuzLgEtSocWb/4LmBHBFpGasJbqB2ESFkN5z88aAuOpbIMIKMAkJ6DVjNQgKNHFTNqOBF/TGipdYrSoW2L4hqJpIGE75glVTL0xcyftMAhq0qiJw1Rx2jYa6Q/QH7ddfgffTaENl+JEru9nhRi9mAGPGaNbQygpSP1CWJyhYR2R8TmwbIowtbrTAMb+c8HDjpjfBs+TRKItmk2Zx3ZOxo4BJEqZoXEpeoLRaEqqN21kqK9KPjYbArgBE34OZCaQYn3OyA6cn+JTPwQEtlMFbsJMOs3A0D0BQtM7yMQII4RLivz4zPZQReLOXesKQVW1HC64yGhGu6Ur6hp8KQZuykXcWspUQUwTtZ0ZzHNZKl/5qT1tDktHlZJGd3TIxYKvVR+VbldgwuFCGC1DepiYmG4AoUqs1MCXEyyF4QlWYK2qhDhoB2GCK3e4dzrPGGiwZk1EL9in4VuViuEZEyRBTBZrDsNuX7+rzYhZsqoyOMNuUgxtMSVYbjvDcWGRHafZslrKVQg3YlX299tBnR8Gh/gFWFTm1BU9h4qe22clDDBt0RPWCQRRdT8fIWlQprswGUqpfVizeS0AZwgxfM4tkBi2Ev1tT10RxqH0Niioxg68DO1CQIC/a7Puq+TF1Ri+s4xMJDV4Un0V3s47BQL5xpbAVupwKhTLFz27FqjDeggKaqIppi5IAb/CrJKUHAK5WZMUkApEOv+qiJA691SWhyCdNv16QKBslmzKAvYZBgkQhi+N4O3Hg/B49qLJcDHg6cQt3TO0bPOh4ZPfTgTUxtuZLiW3QxfnzKDq3dyESYE5HcU9cClTGbpSk3k4+QIFRuWo6JRAa+YzMlrT3AER7DqvwS0gHIxB0waliKi9PSGUIDD44RJeRbF45rJMek9EQWytPj1vKzJ+ab2pE1DAinvSmi3ZFRl5wcCv9KaopMMVeYKSOoFSmRsbDd4iE6bNUTKgKBizhHkfYyBxPFeyNfpaUH8mAYFZN9w6IwqCDtPED11darz9S6d/jskOdQFDtE5hwIFKgxNth+yIpK1ipKTGvZijhGangl/hCAAZkXAk04Y24TH5BfHEcem3iynsARIfpMRHeFDY0XYDGAoUCRoYxZJcUwBGikuZGQoRUrDrQakWH7VUdnUFCJsb8YF7JbQtVyRiDZSTdwBsnZjlwUxuF3Qc9EZ6ihCW4CogH/f65q4UvumThu5cgldZnfgwT4zJHcT01Lv7aC6ptfGL+EZvQ1rosnHER6IaH0S+yUbyOJ9V43Ab8hpfHoywcX5Do+JtPUR86mz6IM9inFAafkJfsx9909i1iOZcHwAYC1fnOZ4pJHF5518vWXV9qfsDZ9dTaNc169vpEq+tNQVc+RYvvAtq1jGBJ6Jpfy/1DgnPcEh/c+oniLycZroCO5p+Tya5N8TgLa6o+fUQ8MEnrai9ZZpR0/YxPiZz5T78x8fedv7Wv0BvzB4NifjPWuaSD5Cq6Z/7cr+LIkDw+CijrhK96vOK9upCryKbTFM3LDPsUL9JkQuJ05Mua1FGJfhO322x3Jf8U+pkPNQ4xAvWkN9AEOce8EyXPJEQqX8cS+N+mF/9HOXFhp8Y8rPz9swbvN2u/TXH6P1xN6xVKxY3kwPQvQ5r/m5Tijc9+ldri4jWTEhyBNPhWD8rFUEVyaku8KiFCebeHoJ0YKj/ZCwBGMHb5GkOZBsm5/KVp1AotRl3twfOXJlb+wYPUqFL3LyTC6FzLjr1fofdtG9KufKfzKAODlMgUP4uTjnhYir6pLdctbnYxxxtkIb9zbKeW0Ra9XRAR75B/abVf33kUMdBLnto9yvjgl3vVbuV1OWvbxIru7C5dKXUZk7qFkZA+wYfgqrUQvYCeS2Jf1zumtLyGGntX69IkQRE/a9HMdc1E/8F38EC3eY5flPkQ34StcUb5Ph+d1wPG8Me7waXY1/hR4dlIbo+8OslxBtON5kN6cuKaaizBEaa6LNeUVObRxaHqDEniLvKA3JyLMwFRY7zPsG1jebi7PcUxfElqOHdLQri2yEtdsyMmi0Oq8EfsIqvkBCMSNqRQElcxqvNYoCtZ9WNh2SqzdKnrjVL50PAmtjDJgvyADScfcIJF2sYMNs3KBw12zPgE59+mJcjzXC8day59pmEIOHFtLTmybiCqLb2x/IkW3h/DiIg/0ckC2AQqjS8GKMkhnaGoAdpwrs5EiwjpyiGCrOHdtCJ6mC+CHY+EPBYR2Us+fBdHtNJ5TN2F/RgDwr1qkPEXj4H853B3S5et8LmDPQg3pqBP8LmvN/QC7Q38tzLsKSwM8wyo/s80asCSpu3zrRADvBcVRzyWnsikyyrDesZWk9ERypSdK09RmrAyDuwRZdonO7vtOm4UWVRJnTUTpraXAW5yeB7wsC55ThixIqf2AT4B9UFptgK1ZyMqVaSNKl8hQ3Q39WsvDm0IpSJYHedonaq9l5ND0bRKrrDkSlZEZbIRJCBPSVhNaVms0gYXXnB/LxzA4g4fImmG7H0o4Fk9swAlO4fKpqg4CT9oQEEya+DljqNfrAdC1OoOJ4i4XazAUCoiCONq0USeiRhFdFUTg6qQ9pLb6umq6JPN9kzmJxUNqq9LB0tdh+UhO2Qy7GwbggRdYTMldHpwmZJh9jHinrKHkAGWlsFqT84MR1FiIZYiFqAmY2CgaLoeCYoQBF7Qc2hE6ax+HioKktBU+Uj8twJ3mgQbzbcO3zNP9FOE6WLtucu8ozHFMpgRUVsWoE4KMDFrV12OnXrHFVBixiGkjQMGcqng40KqAlDAwF0V3zljNmRDA2kV0N4RxlBKylsVGhwGe3L64WznUyzcO1hJc92qtlrkwjeH0oEe3FxvAgS8pPiRWupndaehKQzYZl8/Rcmxwy5OwM+riUkDx2FggxTwh5/csrVT5xusIgQRbThu4ejGYdQ6uWRojQfWzt4MQxcnZmAvPiTy57hN21sCtTtChUnhsKlojGrgsWfyeGlMjZqAqLnvpJkVNrh2LoVdEoPPFZA5lrh2Qy4R3JWglehgNT4D+xYWEKo1SanlUABSk+MGSrudEqx9rhg9pB1qT3J5aa11XfbrQdHgR1JJ8YSiArA3ZosfPh49SD8xC1Hu5eJt5l0AkEtSMVIk8voKIPIhGmw6FSStwoyLwNqSsV69CJu7Hq9iICYc9QFCSth2gwFs4GD3NtzrWRkia7l4Djfo2eTkDDK3Q1eHG9si4ggPbBy5Vi14sEB9jrRtajLeSrzaySvD0iKwYIN0rBJsSXxTc5JARYMCJMHEAspBTGtNOOGpCKGtHYzcuW44tP3JaPeHE0O5t0SKgSFJEoYTD+PX2WPNdebFr5rEaPAx03FiCpiiGSmB0XxeDzNwauiQtGLy1yEbWrDX5asGGBU1zHGbdSpqNwAeuKUmJbuZ0hVRJCGDeHl5dPo4RemzXPuPWQCANUknTzpByiQqIBagUAAMFJPZ39AeDn4AABAAUAHb1ySQGlap0We/T+SNy6DD0z3sbrZVB6Y9HsgGSH1vu9eZJcDu83MrYpzTf7Fddb4/Mi/qwunoALtsrnPIljfxbhwL2VkuJa8vsj1gsX2t7PSvYaAwfeG5x7sapQoVpSeAFJCCHxDvLA/86piAIB4DbiYW35cRl1DdJrkuiVh6BLK/uxqlChWlJ4EU3xG0RpaDi3EgJeZgalq5TwGE4rbxMBOwj4YX9dN8DtsjF6gN6DvlWxQDB+EDV2VjwUTcG/SiiAWreyCEneTCUYtVts2AYP274F9J1SdSzGB4l3Y1ThQrTkkCS+LeT/q2t1K852GApFi5zAuwUkalqx2xRHm/Pkqpjqms0DnZ75E0Tgil8OXAdVjY55QPX/aV7bYuB61b1HKgGUEkvYeC0oKIrb0z1ftyCL8ucAB1FZKraMRtKbdENcVtEKKg4N1I6L5vCY/HDEv9eSwFur3TIyXumccP1MUoaPGAvYxZUnIgwP9pkio82asVlGxFYUZgd+DgnB664kyEvikwEnU9s0McTtwrKHnlMQiG5LLI7Im4we96c5qqncCAIqtfvlvjixSz8sE0JSrcEgv3B6H13nnM+AtPbRr7rdiHzM5t8lnilbs+e25jxgoTffvN09gSMO13s884jsjf22OPIl3Q+vT2Hkw9B/vyzmXMbkPzYci9vnoTb4eVWxn1K82bfTI59BGwOHHsE7Jc/Z3PnINgrzW73bBM6J9uextyrZNv8GZ25FeDefZvOM5PArdF3vnNspJmmf7epHUleGNTvW2/inWCo1+J+1TxkWk7HvQJ7yaW223MS9pBwvT+3ja75kNVNWAPDvmRaAoa1Vt67spNY/zOaWQ5huPljtLc+SdlC0ashuPmP/xKSqOTR0/Af','2023-07-12 12:30:08.716899',1),(3,1,12,'XqEQBAECAADHHAAAAAAAACi1L/1gYT9t5QA6tn1nIRBAvhmNjysPj4uI7EPG2JXE/ht2+Jqmiqt58yKEeWVkUucF3QZFBjpPUrb9AmLip22meC1k8bVwgo+0FHVqR9WH2LR69uLOrUB8Dqnldm8zA+8bgnw03u9vCYU/xaPyIhGWz4hce+AJm2/Clb0RkcXlzgR/NE30n+3Nv6Qo/ckp+DMzI45nZfjtMNtPaBT8FzH1pU4X/MYH9xlAck66aOBRZW+nlgb6sGCLF/0yuOOdiEspjb6E6+chSjMu40bjhlN2TyuNu2Uby2sEGv2GSMV1W9YeiRrjcrYvPuOF6y8NFnxK1cVPeqduvMf6KNue5zJaXgaR+WM22g6gBe7czSn+IsnBqQBUuJkQiJscVX5Yw+aBQpwda6XubbdSnx1LOrCN669Qs55DqODKfAveQ4nvcZ1+V5WEcUw76jfVCriKHBMehoD6o3J8ZwrhPghS40nskL6ujO9xf5ieiIN4Sa0BL9I2/rG1jcOVen4nkvMxRkzc0uvuHcB6nKnkxbPuTo5UbPMXYo4fAyx9CanjQaCpHHSq7hkufZ6iq7M6Hz23i/k9qVzfwXj5rweml0lSPdE0zoFIpr4ZQfQuRIXXMXXTjPMzW0b4jF3zpwFV3FBN8HqYKB4sqHQ/2wN/yqF0ByKcLlYU4M7UvBf6Hbxvq9xNvfAu2Lf2GrJg1wDKdyXZqmf9tb1FRPXNQgDes7LkJEtuRyKLulhjg8fykdyXzOTSRFf/cYL9idyyf6Tu3QWL69lc3J7u0PfebIz3Sqm6YTblExmLblrh6ycw0KflUHtnAC0XeYDzIV8Obx4pu0uCp1univ7C8eu9SGKf4iP1nA7Ft5ZZ/peIoIuWTR5pR+pLEAh5cQ21W4sJPc2z72W7l4d5jn6GE+iL3qrd7DFXMfE6lOuB26Y6OJRVyk8+ePiJpunDtkCOgMLcB1OcuNohiasy8nyDVfbRSKD8RYbIFTzIedbq1aOM2t5GAvputxjnxvH6CtUX11IzOos60bcYjj2LF6MX2pI9gtnjZbHT7nj8d2Od5fMk4fiP6vQrJL2+Rlfm6W5FnvwC6StPKW4W9XFDlu93buI+RVbSeb78Xld14juenb5naPObP8sHrn6diQffF9zYujf27MtmLL3HHM1twCjxNdoTT74ZOgAcNNd+0OAgjdLn6zH5TereoU2AuDIa0XNyiPjcN+k1g98eG4LrtpOKj1Ew9OTZteui2PnPFdorrNA+BL6Zy1jnOITPoqd+MB8RDvmZupr3prG7zYlfZKHwAyTNzpiT+GPg5AP3CR/TQ/VH2mLemNbjoTXev7F34HVGxx/K4/Gc7KoT1W6+0+zq3jliHoCw+at6im8q1XBeZce3AmJ/Sw/vW2duz2DA+xlGrLgOkofTaHj9gZycs5ik/kWEx2nwvD529OAuhH8Hg6B0JyfR2whAcjeewxdm4PHFMb6n3tlcKJnovr0zn/zRe+D02XVtra+C6u2/MgkOm3f8v2nZX0EHeGws1y8ztN5D1uQLVUa8+GP4H1qBPneIdwWJpZ+RqboktvRDFt9eytp6r2Cu++3Svui0x29w0niPze1vPHY/eJvrGfYknMlGxPe6rb+rjHrLI5ELkgj447DlDdTKfEKB2BOO6jxTRfHlwmoPdJp04qTbk2lBnu6v7yBRl5/deT3Xheyb7gE4LcjzndFu/GaB0x91r65qGnQy08c7Qr4+r0X7xWk/F3Zl+ZWNyNXMjm4gGOi+IgGuQLXxOyMyDqvTdwM/LAdxpfPF6RTvgZZ7BSuSezHgPY4Gikcy7nmeiIfHXH94KBryA/UE3As783UQ2o7CV++xtUGXIGD3E7ZOHy264Ek3wC+UzHoIC4r3vZEd5ufpiDNKPmCFjGM9KHofm9pba5yvpkLo0nlzv24x9Zoc4Nel8FyV8OTQK058tA/1LbyanwaS8+Atk3uZsXiCQcnrgDF5mLiyc2B7e5yC5SfePL657eutbVGP6dbxNGW/l7gGPRDo+ycu3LzO27LkUTP/P0RWMs+gpv9xkYMcmESQC2DrbAzaSL/RMEqHgYK/aEdepKRadXRqMhzljDEEDRBMn3Bd1M0i7XDD67pqUq1JdHhJGA1Z5gs7w0ajyayAVIcLstYME7Znr63WlKNZOdhwYCxKcCurtiMIHb3DVIXDi2FYmnZUBRUlGGudon7HxLS4P1aJUL58Zc/otCYo95EgVTmcgxHoC3qjarflQHIuhxoyJGNRx5SguZn+lpFZPgzH8j4BwYkQqoggyPbjYmzNUSksS2XCUYWeBEgCiDrJ2VW5KShQjmmI4oWRZnr8aoMKg3e7By7U0WKr69qM6dQVVLXsgU8QDrpi9BTdKLxLgmXBdhlRRoCNzgQugmpqpVxW3o8kpg2ru0ByFP5acMaCaIpWhOYxOezUcu06uqAG2ohuxJdLLxSppG8fpFGFYWxfQN+9Yr3q5kEpGkB7oKAKUw2FGzMNEwuQJRhAefc4vEb+etxJxp1dcx6Zvv14daJh9ZktxGZCTGDDIofX0jtpg19MrQoWEsiVYdBcMMYf3DvTwDM8HR4bW9Auy8U9+NSuvh2RAsF6N/mXqGGJs0cHleVG9KjLL1EYBwcnLms+w3616DwgMBrs8UfK9oaoVbtznFWosuNkR+NIGggWhkrMYybPvbvdM0TAHj2KNqDs8EI5rSioo0bN9sjS85mZuVDHM3kFj+nIWQ1ZSwunJ3BF71r0ptAG5nRnsuDJQ5HYZaUCMLeH18cM0OM42gZuqxh0Y3xdbIhTBPNiSsE+gJyy1QTA0ql7lYqXEnLbKvrkzYTc2PbcWhvUAWvEbg1YoS9PWT2S24YPdbmJCB9sz5AWmtll0SfsItQR8yyEA8rrUW24sTCbNirkG5UoOZYCQVPcakJgtREAErbVQCcXjIylEVWkEs3Q7YYoDj1PSYRNLG+NfkgYZOyg3j24elzixsMyLvvu8iTFza3sO0509QtTQM9MYsFhMzO/spvhLGJ9f2Mue9egisupTX9sLPlfITDfmgT6c8njNT1vnCl0xE2gADOM5ErW3pLpOToqRYoHyRl201hc8IZBDCncHHVgpRa3TUS0mHXjhaw3jbydYvjoVRP4Bp1QhNAgNQQ6wpI6Q4YrZQgtEf9CFMY8UCFdgIqr+RoFUOcpnTQ1jysXWGYxpk5CK51TWJ5eTOnAALeweSdtkfClgbCoa3eHpUmmbcABbIurJp4EePFBKoSBYNUQY60KDGFGRE0eWDoFyspjQaQpC0MXR+eJGFTKHRz8pEAQAwD7irK16+sw5tAtGZhmKDfGFQx251AEAFlKLwBoMUdeeBwq4HDQHADICeVLg1Rrlw2y8AkIigZPXk8rkVAEMc5oGIIsrUJwgHlcZrlDgasax/QxJp8MOEbBJRceVCLDIiMIaApiUP7EUPuLPOIuG5qZgqBKgTKVv73vVMtBvac8NmoZnbXra0AANw1uZ81scuww+fTABCR26pPXiMsWScNJQHcn8WEeCLylFSt2HCmFcNgNOsaGpeLIpIiEWknttvH5jUDzpsTQoGPpE4EuB3fAQsrCcM5dxjNRIclOzJ5bqn8stGd2mS8/a5G8ecclZmJwzriftyHFUS0OVJVQExl/jnjoBPDhji3ny03CiYzRmWpkrYtLmr+rKBxEwd281LgiHcyTwCccs29AiBm22NmA6hppIiVF+dICVtN1wZHamY0irgGYSj9v7xw2vsXQCSsabWz7Irf6Vtmsg2h4cFHimMDNDMEDjyDCNmIzyB1KHGDh0tZZXaphzQhTcBOb6n1ZR3UYg9AKGFXnGEXaywTvYyMmq5X2nQ1gLYIFPJp0jY/GpsSivovJVHhJN/MSGOKwo7usBfJiLpTGpKS3hAgMrUuzVUOw6ARMgB6ucIJ+uEhsUaZ4/I6cVEuJLC7S5DGJRxwXirOLY/FCjN05mh4rK1YnCbNbYH0AhpuVsIXuGKBxSE1cplqEHUH4YsNTwHrwgM7TpA2hEUHkMOnBCYjAsG9arWaSoaDaAUh2BxSrUUK4G0BGfcEBWYnPc7cQDRA/XnxGOER2RPC1floZc7Zw2NEVStV47KfmaiL3JJCQxmsxjYijDM8kGi+qPxGNFnq/PW9wx0TQbuAhikWWKAEfaSZxYhC06lVmM8ZqgOjZxB1Xe/hD0sFwA43cpQEamJW10Qh05/RmQnV0eBRtyCzBTjBb2DpoEaApfZl01GSBJvssQHCKgwpwcOg6Ehdu7rxoi+Ilg73uWLX7vLTnc8tVfy7H3HdjsPhuqvXxZrIe06z1Hsid/+3ePZh19kkHPr4Ja/RMvLhHwvWczq/slYpaN7MB+Q2la6+ztPHvHsszCGB9xWCySwBtuXXkmqDvj+TY8gVYq/+Iqf62VudRtij/Sip6FkUqLvft+0ofng8gAzkzHsxzXQJo70XF/YxV3lN6ULnO5ceXIx+8c1bmdEQ9v8LseuWc7GuMKQ88M+CDhtLvphXwxegdFywQ9JJgArd8G/2GCs5Pse16jDOBqzDXPQOb4rOjmc6befIQOp1/vHD5L07uSRFPrwe7dOJQnwfYGfA9Y8pLub79KBjlJHjUnvCK+2Cs1X8xpnbmoB8WiPPHxjwnlgp9q9Lkq3gvP1eD6kVjYteQd3PhEuwPGjj+jEW2636vXTWo5jO8wC75wnm8MJ63sM7cpe/oDyLs/AUY9GdZ2PzG+/WkRTqP66D2Ldrow+DE8QSphq+JQvmGosWrXe49zU7lMKM4T4Bb9ViRs89+H71Es9pNjareFfPhkp3NX9Ei5yT0ct/j6/Z2M7endT59DK6Us4EoPWKM7mWmuV9jL+cTIC+ctvrzJ1bFrgLb5DPUUw+h8vUagTpHXaM+JKf3YXK/38LDgCfu6d05BIzbvsN1c4y87sLREYReHeiqwjth8g5rS+FXl8HPeealjGwcO5DrjkqZP8oEeZml6a1/qH6lMno1o7zjgXr4D5/nZ8Eyzzd1fRo0cI/TVv6zBMH7bhP/zMbkY9O2D3Mg6it3z78k4Ps4JMXT+J2RE/JcftfPo45x40YRD1arPKf28z0MJ59oaOpBKESv7F4bcyWzYMt4xLnCqcvWp8YvU1kM0ktXUmUASdpMnjXEnFN1+mgQPSkJWpHeoGF0uYps+fmCqoPHFZ7xiKnHEk9s2XpAFD7L4oRQYCp8E/6Ftu4/kiUcw7KFJyV7H3dX5GyOQBeuMbqcBq4bTei5gwGit+Yt+8xyiuMtn/z4+vpcNp7P0Fp3HVQYH+JW/Eze1G9AwK6pQOx2KER+qGh451XaC3HIOdqtyrFlUS/sc+KnIT2eG1TjU2+pb/4lufbPy2GRXJ/DC/1gP7Zzh9Vd6PHxKHZbL3KKdJM6olfWWLmO086VAkC4sA7Vi02tPDJz5GGoei+RIfcSXYIvUK3jLd+655ma+ynx2XFwan+hb+SrzkVn04M5Jgu6S5hZ/IiG4odZ5XglD8g3FcC5EzbhTwVkvsQey1uJYx6EQ/EUwmxfakLs0XWqjxtEvQgXC692Df6ric5lrBhckfnkwrVjt2T1/sdt409Aap+0YME7f/d+xgv7wScVp8PmPueEoUNxY7jNTc1JZVW8Anbui9u2H/kq9BjWuzfTpV7w0PklBGbugbnpNJOFJ5O9cNzNlo8S4LxSDrl3+kHyDNmagA5afoa865JDccdIePpDREAJ5tcXjHHaWy04mtkqhSSNChswGCqnnLtMgSqZxUyoThmSRVoA5HwtViza0NOBRhldAuAUBRDbWC0EVXWrQdBlUB3qR7x297H0CZvA7lPVus2z0hFBVopDstqvMDi9vVbdPZDerEEaztNBORAgp8CaHzpT2co82lQWDOaB+Z0Rg2gJMcycUmDLbbGHiOgHqFE4yPj157mO7Pb1+kxDVjgiLIuJBqLiEDqqBtlSRTHdUa3udYybu+P2FXAlTNKLzI0CRYNO76vAjmkFCVFamKLXjAVk8t4QZZA5uF46HV3bMVxBqQFVpC2ykt20Q2tU41cv1OqJFYP0Tt1oVZnbr9WemyCgBCzQE8MSiiatkpnIjFSwfP3MuF7666pWOetsbDXK06Jz7q3RRTGu4xB4RuAldsGPiV7QC41tLSu1oa2Dw7CyGEQIdAJCtYYiqnGvqOGbKUjXRJIbTTV008PMtOz6JQdCmPnP59gyjcSM3BdNNnJDA6wCmSYBTLYAMtsh63AZ+3BjjeEFQV7gy5rjs3zOMYz0wNKsS0w862qCFkGBAaeGyAyyJqi4VWpgupCE6Ufouj3v24RvL72dkufqSJC7r8r1uYAk2QfgQrlJqtQZlFD9LFrpY0EbXDCT6yHEGtzBX/Khtz1PMt3gmY+H99Ww9G6p3fPZjZwNlMFfmBC9z46I73CZfukG2Iuk2FwXFukR/M7OYZH5ggmUzuaqe0tKoBcTmgHWcoDc7NEsh0ArL8dmZikpKGRzdMyvS3EvWxEb3bFcNoQZSBXSxOcWBqewyoUhPWKYGDbeCJpF5rRNENBs1WEGBaS09VPqceRyzfMwBVOexcFeXbNSmd5O020vk7huPwd80xh4XAhpkJdS6Rr//xKrzDUtcIyOJ2UvhhYrE+M+ctSe0VwpaWExp1ru9JR3BHtAWd9yseggKU42MTJ9KAOKPK2yyvJ2Q+vsLD6hJGHEDYbCVcefsLXJ4V4VAQOlCSiEGHnClfAl6qUzY8kFzQeymjasuWcXMr69tLc1mFc+cjYZiaawck6TwqwmYHtwiSkr0PUEiKPawoYeyG0jAi43CE+sOHWqoL6xFgJIwnUA76cJV4cDeEVYQIskvWpq0q18UC3nTMLIrfwBBAqiuikdkxXISCSKztyKqhxgPVtBpTJdseBSmvvLevgXI2u4Uo3Bws4FH84Brh8aAmd5IGklr7IYENksMZDJxPutco1cRBrlXQe3ozaN9wsBljWI5DdNSBBcBiZGHUuUBU8vdW5tNhbqmQR2GXKDdSZykK01cvXVLvCDvAl6crkhj8kayg4Mc2RFma0DEZ9irHKOUsEOTwVwsWlwPpASIBTA607KRuQrkMl1AErLUOmqHZAEGpJBTrsxs1JeXlK7OZgrXMI673hOwjjvQFAJAX64LQcC4Gw20sLixE2ivClKjYvhZgDHcrRbRu+Sjc8rQEoqU6QXh2Y0NhVQKFaslt5tpINAs6ODzONZjAlMAcKgBVPGWiTMzqFMuTMnJOAQmvATBFSUNCFG9Q0ZjWezQkSE7EFWaknYv2ZAtUOgB5+PRhBqQDQ7wdCu2g2dUWYzuPPB+y1SOkHT8ltudM/X8Ijq7hBiMD0d5qrKdDhaY35JS2Nekvow1qzU/okxQyN1WMOWLZlNbttjmbFTfXRb4UFO8J0FFNEpvCL48lHodbtyfobB5NOxqm/BE35hZtKrLNBegQ7tv4EJ/XaT8rS5ub95EXVVHMmvE9665wvcfbgUSVs0nHgzuVKlinB2GoWWRh0EoI9IetpkBV3LgNcvBB+6wwAueQ6UdPb+9ohOUMCCLkFf4rN1K9wZ22lJjwISXFocXAAzcRqnEKU5A42cBn2n4HR3h5EvpL1I2SZfi1BjfJG7NGNh1O7ZcAXyWegpNAoPqgKKzb0AgCu+o7dlsbsSo520OK9juNlochP7BilzYh/vGLbq1Uq+qVJ/J5c48u0NEkoAI9gGmN+bma5z7+JLBjkswKAVVUcTLK1BLB/SC3odbzBLHYUIQDzCwIThjRA6Y6DHKzUMNVYuK1J4wGD1cBtnxYFwuwMQXuJD2Y2fdZyR1+xURyj+BHL1qzAUj9TUO0kr3r/Uuo8CR+VNkhQ+lHp7nVu7fx4tfVRNwimgSf4Zhs2vC7m/kgfg2MDI7/1+Pfbs790YR355qf0dJKgH3QF4m2+y47hlOIWoxw+NpsQttpRYeaah6BLCQrEF8TAinmdcUuibiQ20Qx+QtbirWTZ8w86dwtVw3rbAIXm1KGKoIladbWcZBASDbUZHgo0Ca3YPIAc9ozaUWk0n+kBjPl5rSyO9WfulDt50i6albIsICitAbNF7KlILsuKsVaJYOoIzmhj4K9qXFpIIK0XAmY9s8OgIozo3VKuukjweHUzPUMZMA4pJe8BGR9g6zgWlKqnKgYMOGsrGsvYcCAwe2nqYkJVfe8BFMEVMJXRqzOqOiFMwYSzWGpoDlQsCnD4EJleVk36n7RZsM/WI5k0ccmmmcWUDTSnHO6cn1mWLmUivhlxWMeiIXwVpfWZOyMwTsmR8TenKka6eOTNmC5AT9gph+qM+LaYjSYYdoF2wVRgsIi8msEF/KBdGpxxNIXkADpIAsKZhmRiA8nsVt/a02annL0ds3qdO9i1fBsScxMvCE+Yw3x6jDaBeGiJ1hGWdaJxfP+TUBqGosj0wkeFRTGHmYb0hYIS1reuOjaNfc3Kj1R0Fq8veEHe6IZ5GSDNwpKJRPLA1GWFAAZ1qQglLvfz7otDMzgKjAkQdNMNEonmmP3oISJTutkKTaLWNZC896BOa8fWpswNXeyquCUItHqAJ45OoDtgGZLAuzzr/wvPdh3rM3JXGgpd4Qh0rtPiYB4weEul7npfTEwpYexHOjTsilV6na/kuny2XO5H4kJftZ+Ge/YmFirvgQD/7B/giBG/cMgvFaaAYPBnE8PWuic8jwMXHrAdfLRj47gEux2lh9wRbv1+m3nlStvQZIOZcFIvkH45QvKbmt9GWfIURQO+r0/5HgeOjCPh4yGDdUb9QTkihw72q2y5Z4eVw1t/HZlF8RZ+aa9CBu/e08TdVPO8DZvRC2Rhvwun9YZBngj7bi43B3QTy8cOn27/6Sr1I49pziOQedPr6ITpb124aPbUMhj/lpt1DgxAXQByIBagUAAQFRPZ39AeDn4AEgAAUAG7zqUm9KAD9v8UVmfgjzgohCjU7cN0RDwyT42WOv/92/CfnjScCRjis+YF41vff4LZZrKrkqb7aAVehr8cScMCtHQA2ZpBPv2RGL26WaCEMCt9twVmS8zzsLyydwWXgi1dlY+a+Ap3SmLZhmasuyYhCIIAwWRTgLsovMnsxOW88ETDCYc0PxLO+/wZ/hnmHuS5VVdiuYHut5Tj+JgeDyNXrmztEuaefcf4aajY+Xh4CLODVC3DktpwwYQbJyityza2sF9ZsGybGYgQSjNZKCkMMYVhpFdZYHkqMggCCpFTVGEIcJFitBazTFsqkgPgLcngIk1T1IgXnqGl8skU2qmQHkGfA1Rsw0VYdYoEHTKqrknrVCzlRAgyQka5awoETZKqt6O2SGvydpf7Jrit7dDhB+J3jpVu+3wMT3884fw1VWOZC5w3i9+s/Q34iBibd2laGg2vkKqoB1nuA5FxqOgbckI2SRffFcMe4fp5jmMoCADVz/2TUZXZ/3LPGhYhnjP7WtgAsoB82YGcZrWPK4emm6DeJFuzU6YBwk1N/ekVcQ2dKZp7RZ8BghyA9l1WmPwNc3wBFgClPSxpfBfVY9xduSTEpyTwSz5BXD6pYHnbQZmo3Cm88dR3/XbOic+kxkTcasehsxrt7/CoIATwbgLzM8WGgindXPupXP9+LN/PtAo/Gmzn/GADwTNEHVwnnhOnyMvoECRsgAAUi6UOBL5pVRyzwgEl1laSeeiEnSoABZORVSzhwgkxqK6bO2iEzYgAJcORWZlVm0n3cNCaRuJwW99hLLEYQAgKM1kqKIYYwWGkV1lgPJUaBAIKk1GoMIRYkWK0F1mkLxaSAIAikXEsUBg0kaalF2sg2TKQIAghGlZaJAk0waLkKtFkXTEYBgoCI6qpweaiKjgGh1H/836qGPO2Ghv8=','2023-07-12 12:30:13.611161',1),(4,12,1,'XqEQBAECAABjHAAAAAAAACi1L/1gYT9N4gB6qPllIRBAvhk53We8PsjBnUTU0Btt5zvQeRdOp42yjahfdhX0FAkGTgZYBpmKDQ4BjeyTCigcjnr1u22dr6CE4QZeMp8qBeA1JmO+5rjzlVyyKgxWQZIEQGOcJHq9Ci4HUFbzY20JEgDhHphzzuCE9JRXep9Da/FF7sUz9VB9ZvXLiwWJbsIs65PTacfbAvrqyuNxk3beC3jjyw6kvs1q9TxsxD+lgN5uVfNFOpTPUzR2SbniW+kYfqrZ+MdwLd6yU/hOS6rTHSf4nbfKf5oNn4Jg6Sg8tb+ksrxmoexbPBffxsAFo1ROfN3jT4luHwUbeYwIxGuF3v6aehsEZ9dpajGHRfomx/bkT8H2iQ8FJiWwIjdbhi9mE2tACPp88qS4mpHzs+KEyVxBLafsBdx3XhHRlaOB7ZsQPcLauKAwGStxkwv+KeXoif11DOTUncIAUTMWDcttI6mBDngYnjOYcFtzsfY4DV/S2D2xpglTISLxQpZSI7XbGnDj+UFsa/ajemD6aBlpZGgIssBjgRR+OayiTrspRV536KGVBTIu8IYgmdtsuHL3SED5qvTNzIEHEg9RbscjgtMIX3Ls8ILieHY0vEFpa7KY42Qc1UfmsgFU1bpAc4Wev8IsByT4olxfuECVOTF6vRA6RU2p7dpEnHosFiTGrTLnAu4EQq2LWlAdsSGq3dxs2Iigdh1Y0erVDyCHDZRk3M9G3RXMdkV/+Q4T4+h8uC6LW2v3XDc/WAlvzTT44RFOolBrLUPAPQIZVPuLltQzxzU4GIQ1JfcrDFmzZ+8NSDROUCQoczKTIljlRIBwwU1rALe8jQuaoQWWiUfIu1vdsZAepqS6sFWfyiBY60xzvnAgDJDhs80JEA3dzCICDODXRKmt4M5MTWtb5Y+rpZxqOx7ecLMouNraQ0GarSOHMHi8DoK4sShUo5DpcPiUGTOkrcQsAVZLd/ammmVwCTLdJrMB3kEGOdpGMWsUD4/SvEEn1fNAJb/qJvNTF5OrYCT5Do/Kfch+79cccwaoEi7i5u3YLaCPBEH2NLbEG7BDfZqMEIf6LXyz3cqZQGXuRMDzVR8IHiCU+hzSWl4ypXPusBQnXXt5dfDetTQceIQKDq40HHM4mKib1uzexTDxT2qwXo2scqAj7WPYKfEeDqoOjWd9XuMPZ1HyfV+L7NdyoHAqRLnnDuF+bJLCUbjwHnSh9Hd2Iq/euj7K099nJ1h+Nhnqt26+B+xLPGsT84OiOY/BWfUVanIeaah3wiLNY25xP4eGjUNTIDvvL5wTcPtZqTiON0Lz06RpfwGreYWXBgf+E36aAd634G0dOin3IuJ4vkWk8uq5j0uhIh9A7uipcVgcjHX6gm5Hz16JORWv6KdFOB+hr+lKI2B/8Ot7H5HZB5eA/Aef9CNN277DYuucEZwP66z5v9Su4xBbfM3bzO94LN+bhMwvE21e5MLjqD4u/mNNdpsZlBczyflTJ4+zamu+D0nkMIqp7ica9dE/0Eta+73RSfFFYVM/QAHALxuB7kmA75Jc3Beb8vrjBc1L+KK+aAgXv1Xh+dqQ4m91jL0Hh/McdIayVX4bnZL3vlH+uXH300pvb4sk8UtEu3s7r3gLkKw/mOHip3SD3w25cBc1Xt/dcuKa0Hs3Eca6J9P1j6DQLmL1900jwee6FrgWYuSJgdSes+bgYWwlXwbecRQHWv6SqXskCT5nkSK+CNXN96r/Dpli56QxKM/tfn21pO+XY3+PYm3gzZU3jgNd41vLqs9Ju74NPeKjOEp+WIS2i2iw4UkhBQ45WvlpUdiz7Chxoa3nY31+vMKx59lutN7L2OuRNXi/E1V87mXy0XZAHkQBzW1J1M7IBXK9CZd/BdN+ApDDh7ih3Ffp+xpQgg4MRXVT54+T1Nx4hJsBvwn8+5uL5D0tGN7CFOkLG4X+qWr9bpYTd8ucOidQ6dXUlg92g303QAXnfqP5ZBDzuZyPLxUK8kzi4a90ingEwsmL4TmfAQvaDyArOrCh4BuX7l4IZeE7kEXPOobgHxNq7sQbc+EFSTekkvHutNaSS8X8/whh6VSLqv7HQw7gwSGEbIOxd1zgVgKWdllC3DAIvIb0wIQJB3Z1bcQfLCBfCAS6aIylzjm4FZuZexCWdkwEyBp0aCOYyXP6rObU2kgwU8PZAp1zAbl8Bq3pR5HbJ2zhfE8r39ticn/bBXPbEQ0vyVH94MXGbx9zP5P36XmV1KewTXRBqMRjxdI872X3Wk8Bbn2L9ifdzQRyXygIIGFJiEbFshRglmrFTH2rBzIodaDY5gWVwgE4NwkmnAH49I6m6Si1Y0uA9LmIqtSzINRWzIMkWq6WiI4nOTI3ErdIciRxeCDCtBRt8MUcQsphiI1KLEPCkZlZIaaGSwJLtcSMZG7hDE7TbkwxphgaQDVQLKnVKnTZGCLueOXgNuxsSwLWBYnnz5sWkTm2C/O1RoGtngoZqxYxGIgANLXp7Lg1QR8iPwANjqFU+ZRxeYzBRRmZzWId1ppCPMuOUAHnW4i1AZAEr6IdKSDEIjBJ1tLEIFXG2DikroSklipEbU9CIvg9kFZ4jHHubFZSDzEpec2Y5IHadO4VK+KGs7j3kCL2cpW/ikyLuwDJvBsC76Np1B7FxeJ/DlicWoXAb7uBbt3GeQixNWdamblUSeu9fE+uPC1yHzPg08GAuqtj7kEZ/67gOvEpUzJnMyn8TXLgDU1HT1xWdZsm0s+KiHzsA86/AiH/iGnrIQ7MvUeV8I4+onfNczvV5uFHP0Le5CH7Pd1r770B+h5QpdcBbV8CaOdf7jIPi8Pyeq+97yka/WII1LFN4J6jfPZZZ+RvP7Z4qJ+29SI1phtsUsgzXlADYRKB1S+Q1x/CJyWzJ1o9eK+oDaEBxXEqBsWgtOlUzujVCp+BMjaNz+jsKsiNMcD9ItD2YuIQCZaoROBT21Be1bGIFeXeMtru3RM1pM2KnJOA2qavl9nQXgFH3s6a2JYu0P76sgZOdphAaMTihJy02NIjiF0PAbBkNRlPtUJjStpUiUSKfKWwI25gUNk+Rl1j6hE7UU4Ay9yRhNGd9OAFk1QzDivHIkFoByKdY6vXJa9+yJ+clTJQtRnXK8ZCTJiDbrCsDrFfOOXNIBZHD860sjVfbnBaZZ5osv5D+gBjlYcWjQ3jDFitCTY17paBSd3Euxqze6uVYTF5WFVCVh8RbDVM556hVGtx4DADgl6LmQ5lErXSrX2GMOh00GgNb1wtP4elkb1yOVpusPHPwUAd5xwkkTtqPgwzbTk/nEy1HyODt07w+n7odZIQAqw8jdFtF+tcAiy4wQvwMAHZSKOA37WdlV9Go7dvq2/IOxy4yaduMhQifsaLqVENbhT3AXjTU5ZrEOLRhw9A4ZUuWwkiuFqaygwRPpxQbOjK0CnRAeIAJS3eZeAepoDaqsqbUkSV2rZUJWTDya3ZwrFoHzAdhFeeHlUde8gsrC68EqxHkF9gdo1Zi5NXaKWeHedVsCpR7bfYO8AuMUgtuwPX2BKLQF25AljRRqiffiJGnPGwcFPQIfogMNFEwGWhC9neAzNZOm4ghoe0G6hJVOZB1WG48qweqfuqAt7qAcPjRQJWx0iBsMkkRm+w9wS3JAkHywJZssJkYHsEVl1yuL8FxxbkkgmNCLsRGWrJkUBWxwhyq8w3j9Iah47aWXANlamioiCpnNWzwmE21ePmFL7Wmzs8D40dTXNuk6TSQE1zskyOGLOTp1rAeXtX2wnY3iF8rCg53rVVnbXWntuh2M3jwBcV9vCqi02wuoCY/GUgCfrnS5sFoLvnf7/QpyOA470IKp/dgffYrTV+J932Hry8a3N/eFjgziGkrT2bEvpdmRLO4PTAi0R9zqZg8hM8fz82DX26PL+TxH54cOHih5HvhyR6RE3AE2uF3YGW1w3Bfn8iqfYWSjBuqjxyILSwY9g2OwPezgNl4HE0HmVn5EM8HI0AfyyweOe0wSdT/V0TxOe/W9BexkzHdWTEjmv2+Oyjt4tFkh0msVWGdNfFQjxdFavkRFogn/7OcJ4Lsm+kLbryqOknHZ3/EnV50TIBvy1J8VHR7C/L4FxDqd1xskCcFUb0CaTYfuSExypCXjct5DlaED4iZPwbaKhnhVDzp+qkw8Do8RyujodhS/RANK9j6VpfgluMW55V/VOs7Hxx3ZecVrrqjtE5s65fpjz2niuhK/aqXUSvwJs/N384k/zAACr3AAp0RGXn13ih+mLZxIPIPn0motFF4GCfOTLBl1ywv+sr9z1SMD1+FIEJIpbgjfHktorSRAiWRg0HoqbAKQ8h1Eui9hB1VogSDUaiMjiI8FHxnfttBBrY6I1HXdm7YopBFXcXDbBI2Q48FJjsqLqz8K2Bd9fZC0rKwSSeAGxcG95OKraYnGf+KHSSbICbvJZSluXVURDDGsPSu1Uo5ERVgt2mCxPVC7vh9EQyz4XtCLUXIdVMiSB0oOJCXUCbmA2s7tC66WZoOwV7tGNYq6xSxOCiWRmOX0w33wRZwEusIkmlyFCapZzXuZzRCZovSUclR7mtwAnMoOOAYIJzCStJPGYZMVVt4KIxoaa7FKp0+xBnJonmhYBbxHQPHSmob7Q/AERW2wJR9iggDldaYCJaEXW9oyv1JYE9kl2jWSOGmshJ1++r7Ps7+GQFGVfXlSNhto1Xt9wODQzOmZTUnddNKqOZgAa3LDAMyP3BHUtyrqurfN5szNBdwrnIgsBHghjUxxQhpaFWGQ5ZNnuwiHEHFcpGPDgodwMHhQVPXYgIEid7GhAnywQEoOlF0FQnw4BRkYEi3pZV6ilWMalYV5Xhdu1WkfQb04wMUK1yyt5pACYBfnwiK6ZpYEpQVTlKzXJTkBQv4DqWaE1Qm+Mn+AF3RtsnNwUbrDMGGaORsmn3KGhPCGxxQHSvBI+cG9KonQGoirhIXGwkdxi1saAuT017PcSBGZUi41A9WyIOYeVC8PwZ0RnjVEma2XUUAuWCANzMlxzMkrvwcE+DhvyCw5KmrgfE6J4VIGEhc+pyEQ8NrY/AdWyOtWeG51oejWBYqL1kTgY8WFqZeIWdDu7CfVoxI3BCvkJawiDbAyy5qYYhg6wrWCGOUqpVvEVZVE5ju7riWrMUviagEkp1O3iAdaHU6Pu39nZYgSfpTwPJsBEw7VihhwuPOm+CNjJSZoxXQH9wiO3N4/sBdPwUA20GcDcjcsYVt7fpKBOw7OoIs8krJPbHLYGTHTTKm4kPDT0yTTlmS3CjtkkQVEf74YEYBQHP7OroNvErQHrSGUX4l+xJBMUi+bfK2pu7VkAfVvLZlKsvK9achOiVTzQKIliaZyyKrfTIqp4ri8J+qoveA6vg/u1h7ZCCKJc2JTx08oKzCBV+bhLvBhaIXQMiyYVsDlx6OsFbEP3OajN2yh4fj/Mde5FP71k3SS8rQPkLqDrPRgHsNy4nfoPF4HSyF86LNvcpz8JjL1WejVDkgMQrd4Tzeyod73u2OjyHC81B+Cj9g4e+q+gg9Ax/yheO6z7j69ZLCBpf5dM30rH4sDWXM/Dw4bBmy29Z8ODYxi6OenZ1Eysjd9oM+1mNwkOH9vxZTvfcJir+ishzuVuu2xCZntX77wAUsH3Mi/RBnMbnPOH4NpbQFxC0cQDb2z9g9vMmxZxHDsq8xA6eC3BhOls0jtNwRz/BUNDpUF18ysn0YRxeHkO3w0c8T1wz+vkmuhD8Jo3Af7acX1aFew86gceygb0DHxznQi6+96TU05ZqnmFzwCGTDK+N4vayQNWrOOzBRmrcNpTtCGBoPMIOil9YZX7ym/VZP0p8CmbxBgaEPI8UwO1av489VPoDhs73ziF6my+dawHNuOiein/coDxi2vA96NHc8EfmeaYnb4oJfAxowBt6PZ6WC/NLWtKPhA17iQtRB8EiD8hy03c6QybbsxfwYIjQuN47UDek06uZAReOeYjOjAUtUyKT4qyMVY35gDaTBKDwUtzIV6N6bVBspLhBaezbiMhdr5DkV9vhnLGudIhWc4kQpg82u0iWACGn7uoCaWTU6oaQRRNOccdyt4JHKIqfro8iupMsC2EYAkQ4pE7SvQYZnDqF+SHGUS+wiXeqwx0Hmro+ywgIn1Fgxk9Efv8jpfemu9knk8u85eyLdzrdnMYW4X0WEQ9L9/XMGZ3HKtj6B2qteyWhuPPs2KMvNJ5sdPQugmNPLNTyFqXvc46pfLSP+d4XuE/6hON61F+/4SZ8Ey6eb0yM4SnqRpySRuUPiBZ/bJLhLw5VHHYKx612jh/3hnjJE9Z/QKLG6371JbEGLwOLe4jrHI+V874W4DbNGE+qnozOz906rENUYtZW5SAXJqAAs0XksKtsdjvt/kySOE07e1QLn7gQTCzI7BfiyjsM2cwYIhhv+nV6iEURwyh0pQtpiw28KDpYrHNStzypg/dYoLJQCRD//wbWkKu8R4oaOMMgoM3KSPv0mtkgOp59UrHnRJwJPExit7tk3EI1NIKHx5udHiirImNxywW6kDxLQK8lvPgNcBJ7QOClSxJmGmQ4u6WRpCg2lUXCUSmujBrAMZcjjmeOsYn7empsy5LWEFjhVdrhr4XvXpjigS4bKISpkEO8p08NbBW5jSDYPU2tIAxJ4xl597mC8Jol68mv8RzLFp0wneGSDyYPsxk9smYAC12hqXUJP6kKSnExRbbxqCXR4Kt4T4ToHqFqqZKMzeAUOQe1XwFkD8Rps/xpp8R9NODbgR6JwZR7e7JzHDagRInsJzVVCsgLZI8SV18Mxz0FmUq7M4m1gGl0OWCMFENkVH+pbvo5OwY1ga7dehqIOWWAkt1G9iJrbgfqpRNsOoZZIxGt9JrfY/OzAFg0FyIJvBt8GmQvjdD2PhdrbXAqQaVRUzyDUTgFq0qAzbDUl28Em8XOjZxXCWLZIDMr+pavGGVoMkvrCm1ly7azMWV84POB6o3gWmdpuFi2QIanBMyHhgvXg7wJrg/vUMc0tUxgiWsjMS2v3DJL2og/Jnd3/B5hxm12zxRy28joOBk1Z4Beyv2gUqeZrCDF3fMIzV4ao1vFAQbSQOjqbDEZxP4FPRUdo2jMOSAlg4o5okViQI8Ux8ABhdUwDph4YMQA42BChdKrAVIymhOIASbpKD4GUTOUwvbhJQBYB9wAAXQ/VpY6jFDa4qRaRJDQgdXmREJbNgEVSmTYtq0Edk3sugSXSXdo9fJPcvFc4rIL1SQCoErXNdQTXxKYrbiYThSLicx4qWmST4EGriutYKT+6YVoevRRwPPbnbKMcyQDxMGlD5cRMHHQhxdNKGwTBD8qw3Wpvt74LoOd5ohE0vlOo2mJebbRMdj1mSG6rMyahs3Q423Q3HJTULQbblzJ5KFxo9QhAQRW1e/SCWfKRdKbiytdpxhqjJwgb2CECxpWoz0jlJvEdN6hEV3SZsK45lhH3mnL9+0timAMFSkFFNscNXrgdZKk/KjJQUoYSnJwZ8ujx9zYqs7ual7o6lODMWobRBREXObbAi9qb5e3kGWHVhj53ESLYAJZ3MAGd7SlWIDElUWsg2aaW5pElKbVCd3B5mpXBujE9IIC8xeOEFBZJrpcj2Rggr5QUSacE6TCozYjXOQ1qKUEqUSHISsHlyyDz6C71M1TFxnfsy/HyW6rJ6E9UkfbqEXcJDbTID6meu6EFDAdsPEKglvb4iXb7VFnz+kshC30mwqbKRoUxacY31hIuGuJNK0vNAE5fyY0mh2ynfyx0dmsBCAUip5uTdYdEXypyRTLAXQ2q0Odpe8IazFMZ0ga2eGv3AVQVtoKBk8vcYw1mpDx/kJ9Zm1lvmxBiEptKC1keDRBhYcQlaq5lm9TbCBmMUv+mKkAAAb+JUCJxmCH7C1jjztzehC2qa7uMETkEdXrM8nVdASlb82RCdxGC2umt0HLKkOaFmbeTL/8Tms7TEgZHhOKQPV1wSZaU8/VTm+4OYUWQJuKiluSCslfGNalIhTRR6yUo9zYox1mTFZ9k4HtasehUAb9HsFE4JwyiSZZeWpZymB3A3CK2t3lV8vO2Q58oWdOwzLiZFRcVBNFjRKigjb+aNJw1BGZTDaDuIFE7MpqKpQO20lz2WRTgRlVapyVZ5AIXXTxr7MCCFBSuVeylWecaYw2pCM2eWjwW8zAdWgLUsBMbjUklIOFMFQrS2gRlL+nv4oWigg/tIgQFmNBKJUdy5aWIheMu5RMEMyHd9B+pcGEfDSQWE5mmADWkqk4RvHIRKsmMEe1Ghl0M2Wig4LMum9p1PFWAYOv0huMl7nXJIA+WE3xBn1O4B6i47Q65GC7EYX3BRwRDKVLIhuLnvY00NXXbwwfNgk6EByh+HD4aCdn8T25gjII0CM8aJWShMKBQ8sN4tpv1SQNMBY2DfSVnkAsFWlN3ZHhlwSRNzvGRSUZ2UdAbN9aCxAUq1x0IG53ZL+bAvlidUoIYSgNsqDBkfrpEz4ROREtHBr5emg6Ddb3ZAHPzEbM8iM6VWWwCKmEqg7uekMfn9stjT0UiVZdNyF2uQnAX0Ou0YNtSo+qinzPJpTr/uycBsKA8+aofQQgxi+6KLrPT94BPDb/OEHqi5y432QkdiZhAF8DvrmSIeq79TB/g8Z1kxQbTrx2eAFVMVclzjpO89ZzaSScseTw3IfYxyQdfJOm9CG3KI/zBuBEAnxutap9Nb3Up/T4futdz4+bMrw4Q9AdP258T81GSbLNYYgFqBSABAes9nf0B3OfgAAAcBSAVPCtSaZoRdZw+W0ZZROnm9uOmtp03WbEzHjCyzo5TiXMl43OpJJ9fctSr2RhWBimrinX1DXVmrqmTlPX1GnqmrpMXVOXqZMK/nWjwaLjcVjaxRdDW533xthgPn+KU3Yd5ODbZrYwNJ/cMo+OyCea7BJ+ZXnQDGO2xPp0h/ArL9QnCDYRBcifeF0gNIUZzIRTNDQnFTMEBcS1WIQQPJRL9NxfrO5tIpTzGrWZC94bCpNuJYrDCIGxGRly0Ml5KjTLuTnKnKWqbfFntEjzxEe9j9+WUTZxquJyFEgCcLeUjvuwKGiw6HhOSlo28d72Epeu0TJq9alulmTYk25K42FOlaiPnjAAGJ7JEVHEXhL/5cHIclyflaP2YfsvHEWG7/rAOTY/21fjKPDsLh7Nof/ZeNqEKZOv/H1TraleB9a3Hf0Dj1W5UILJjcbfeIJxPNqnK853mBcvApsyZdHulM5jlB3zFFM54Rzn4IAUjFFdv438n5AJcRI0g+wqd/2hi5XFzo4JDEaW4/pZObYP23/hKDLsrg/OsfkXkYfSreWA4SgvMTKzszlBFOdhuLgyuuOmZ8/fZ5F7W5Fa3SizcFGbYY5GNhxPW4+J700zEi/LI4nqVl9TxaA+ClAf+OGZHBFFPBRIKVekJilQJtEEZYyHYsCUfm6ewDge7dMV5zu4v6aYxOFtnyoxQZloY9L2UYp2J+krDgQIx/IiFWQzqtdVDaN+hRu8q7hb7BYzHivzmnm8tWo1iZviej1Xzarmqrm89JsltcNWydwKQYDGR/t0xfkO7t8UI3F42ye6zOd0/8IlCefbGrNl/E7XnizBPF/xkhXuf5L35OWm11hzRJjeqFyBgYiGt32iy3xO9xdWknC+rTFbxn867ckSzPMVL9lw/Yb9rJkzCdz+4/+JpGHYyg7/AQ==','2023-07-12 12:30:17.160401',1),(5,1,12,'XqEQBAECAAAGHQAAAAAAACi1L/1gYT9l5wDaxPFoIxBI3Rwg9Tp+ndkNmBila95WLTG3HhfP76D9x9oPfAzjbopTSAarBmUGQH9+kX2tbQ437Ht7yhv3INs81/D19ak37GNgLX8O1ubIMQJcUaz3QUeXR5VFuWfL75ERnZ7rLOMpJ7Z3Dg3wTrakrwz5+Jni8ZFtMF5ADauLmVjxK07cV6op3WpP+yufWXdlTvDaF9tHGMpxuCGkT3Mo/AS0Eu9wxn0CdmEHNkB6pRK3Vzp9/soJ9rEFzO5owfQMOEv+w1vjboI9tw7Q4EysqqekuboagNQLKbh9Ct62I8HtXW9N+2RIKA6MTHMhWtyjYr++9bPH+QpxHFjZUx0zf0d39DWyjM9xY3FXtKgnbof9kYLzNctyXvz7/tWN0+U4wY59R+N5ZSm+mJh327fvn4wSXPCJ5Npuvk/hjHWdWb37jqaehheOf7pNOAGvGl8S6vkupPNbvmSfjKHnTC8MDqN89bHTmasCy/0WzenJb8+PMaZxzBDQb04YvR6n9hVbv1q3Z140AvlW2LXPWyR6IAmzdwvKXYXRJALr29eVoPzOgPAZMPM8VK7Eu27YPlYI5z9WyedZhnuJNYnDzdh6qYjnUxVZ/C0td5EAMf+6mTmO391/hLu+1AD2gXdHT90xvGIK1ad8uHE5q58rqLy9DOqvCVaHv8vQRVEIs3GszKowJHvoXoBATpGx8Zh66iWUIWe1rsejBwdPLEKFG8Rai7ZcQs85z3LelSC6/REhOpktB4eURyrdEF3r0cQDTJpKHni653RcilssM1As8FelQQQ30FGO7hQyrq0u2FbMutBhY3KvIBgzQH1d052u6CQ1IXt4Qp3M0reduTZpQwd7y3GoVmSOA45KpKiIFn49ijsvLkh5cCuag4iToCGlKwkIWE7wMEQ0SuyYyeCBCxLMmMNWpDxObiBQqzDIylOZJMRV8haiJthqDrMvuYWRst1VoRIOltFOYKXiAd0kKtBcVReWvnyX/0B0+GxgK1r2QKILe8ez6vBnI+kMpz9NaKvmQ+oKMWv6gMHzAIFYGZKeDw/hHj4UobUQotYtpJr0tR7Of6+F/kW3+TjayifxdHsxD1CnUan1B5pct8WQ4TJEPPgTNoxfgFHgPrTt7oqL4SIrqn+7HflnGMpHp77eh7CBj5aFPe1m8mUwQA6ATfeTM4qeSrz3oh8r3+Fi97SKIe+u6bwas+o3s0kc58Pyjas13/lT9+MXvTe+1p0EUOY6vWwnEZ38TI3ei1BtHpXi7u/DuDNSi3guL9cHXVWPZV3yZyGSzw56fYGc423g6r4pssJVlRn/7Ib0OD+mH7Od3cca1UPdCO9IJPKZVQ0v1rE9oY2od0IV/bKG66/RZ4/G4HQsE99XT9B5Ie7qFXve3kkC9TVHq+fEcr7Gts8H867Oa8DzPBCsDmMZ8Wo6ALy0q+angU3XHkF4yMWQM0DQ41zLN269YOqCeqbnc8T5TYGjS7syHgDt+1SEEE4jR4fboOHeGEnGrxzcPvSw+MScVsezXfwu39lLFIC52S/v0bRDrquixRlUjt5awo1/Od0cRu7QT6y+XsSiekUlGDf1ajkG5+uXmeX+JmzrXQzsrjon+8D32qNE9v732flX6NsveA++rUXtRxrhXhgEeJI7lHshXh8kU/e+lxBuiuZ6tbG4K6IWXlF5+3aNsefxlXau1NrHwqW+92jEg9Em3y2VezFrzD+GwDh1NeQHqM4cDEXnRYfTxyXB4FgiIW6tvfMdUjwu4KzviUc3l3Qk+aWqz4uRmZ5kU+A2mBkfKLVzAxpgr0FChWeGFjgJ3eJtuMtOiiLmNzFAf4Fo9G1z0Vc70PWcV5T/9Ty4AyLee+Udn00K9ZtlL44JKXTeHqHnhnZxlr/I/7xFXpbFxlN4837hD/KZL/gOwuX7yN60J1Z4fDAg6ombjF6DMOcNrgd8BHf6G6x8fDRK6zmCoK8KIHlX4wlfcmE7FSryS0B4D7MW88Wd13P9snhiavSLWt9/8eS5ZvfKp3O7XsM7eQwDaL50IvWVfpQXigv5E8nnrVrvTiMic8EgtUuw8vunUdN7YKHdNU/6Np+LZ/oJfoBBkS/YG3EQ2Oj3eAFG3PXD+Z7+rYzptAaYT6Qi6r24gA9RKvCknrH7SnGZHErmP4gIS6bZU/VBLvKQC1sO2QrveNNpJwXngFFC5DAYfHYE9vm5VTd3gRgyzpguIu+rIVeeUUHKdFaOmhPWRE02EFHZvz3SXBQUqV5YJtaFfaGcn7VX0la5sFYuZliU1+hUsBApfxhJzrEX/eJCqJtctahzaFuSed0gDHJPMQpH9QMjAtnvGqWszCS8SaBNUpC7GagkkEP0zJQMgIDNfUUNKAyrg1p544zRIGtopUQn6InrHu0bxEQ+MlCzXjeigCjPIDwWMxKfnngpgakqgl0y2gjyl2g5coYWiWBxBzZjH5/VTOoIwe5eXRqclWgtOullmAytd349Ft5IGGevDjAs4XEufBUKRfAAgQcfhHE2jSHLeoI0kvWmw3yoXCs5+JGShhlrSSGwzm6xfBnDGIG1mthsqhaVBK23J98sFTDRPYA5c+MArT9hwaSBzwQU+H37vggMZDRRmwO2ogClLcXjMpOzj9Tb3S+LUppkTxMnM3k7qYwVP6FW9j2SHreUnnFLbpPzNOC7ALqZu0gceTMOhjuBkHyYiMqneH1+jMIQZ8YBebeezE2RNzySFsKjJky4VFbZO3v8nbqSx3O0dl5lxfewqK6HKXI52KTyMeDRPMed6SeVRZ9gGPdDyTueonbzh0xD97oAdMk76u/wejqASa9vb3m4qR/k93JYXAAs0CebFbxpzvV21O+nic4dEsbVSfhAb7JcfW0LeKctEvuwH88ljMF9brr32huAV1doic7xTsAuPKEYRQLtxaAr9I3wZTXsQw0IsmpJCQ2gHBbbMPZ2ZDxoVmNMAtM0EBcdLWqAacgmhC+Gqho1ODyht2TJkpQ8sEBxamZxVded2XoCFOujLWsOyAK36TWU5W61GyIX4Kmg9MwGvOlHJNdFaTiTSjzHxmMWsSOMbuhmDGY1tkBQpeRiMk0XTNL0pMMZkpW2I5MDdswYD5lFhiCJT7W9ogGaI2rWh4WglJA3PmkbAmjeDQL9En7ecimOgDQqVD2xvtRqe4Ak+YQL49JJCne6+kxSpMbpCBsH1kBWHl6tCNmpSBFOO5gEGRev/fbAMC9AkaS8S4mBsW+UM4OKj53NkdqNSSwl0hCoOpBDcsmoFkAo91JGmNTEldHxdiTmJCFq64MAzix3iUA8FJhutRAPKrnM8gAzSWNdjGLOtM9KLtgoeEQ5CtYqHXNitLsRND1nyctrODt8qUzARVVIPEc474mqjt+QtnfoaerLnqG+9VXvTCrJJ/OD+/EK0l/gYHjCSpzTCdU438nJFTs/3PVS9UqqSI/5yrujUuoxeXjPHKl5Xgo8rluM+xksAC5TTfZQquYrq5Dd6SbCU+w48Den61MRePCczwdXasF2bsCQj8Vi3e5M6WqOz8dUnPrWCKBDvUR/AqTL05pXHFFy+HSYh8exUOI8dpe/ptP9KgzP7zK+foaPXoA26G0mf47hjsCjn6deTftzscSkT3U2HvgG61eAVS+42/cQhDVPegHzUiEeR8yA4HWxW29Q1/UBdGlH3q29DOuVh/AmuKsq8RFTys6JeHqeAbkf+sF7HcWWW5j28RgPlP9EDPHeL6BDN+7dcAnquhZqXIOC6RNpOl5ECfMKCq95pWaw58KI8AqYNf4427qwlGfyCjk8nYKDkYrc0NLNIg3XQNuic4tJIMqQiZFyQO1xKfO8iNjW8Rp1AyEqIOms2CQnq9tCE+AMrtOLCs/bbbE3CJdZdZcAXBB8t7jEkvbKNL6lIdRUBiJTTiVPvW5QawkbjFPF2QFpSX3BFyQnHViyZaUkYg9OUkyMCPOVR9CHcjbX3uPb6x2x7I/yHXGINC1SHr1o3b6qh6GfbXG4eZVS0DstJsCpKC1OZg1XRD0HYB5l0BzkAYbw7WDoV9gFUz5G4SpOyg7ErJB7YMEvSCyKlo8J9LmWIld9YsMcExPV4HV5HrN2ovAqXOHTofaGuPnhyy+rRNihsGTWDxWNtIEThqZZ0F53wfpAuq19Om134LWpz24jrXWylRnPjRD9Vioel5LMPE9i4Ift3rfLrDkJGCRu0vTylwE3vljccwckv396Wr3KG4U/Ku7ewB/Mf6BE33k4xCNlmHz6sMK5yKJvfer3mCjM047KfW4H7dvXSKfxAb4Akwsfpfo9qYThI1vrXbiE8GaGpf/Urr2PoYLLoGI4HOXpX04SL/Zb/GTgGseNFjzL1PRJyvz+GYPsMKElx8D09NATVA9U9fBCHS3vwbS5ih8mHprdfZmtwPeVmD6wrNspd/xcW0r4tHm4H6px/GIAqB9W6LqtA6K/TSv8MseAg702v0L09kWlbs/pG/YXbR4OxZL74BWS57b1cVqaX5fVS3rnGtHp+GqvqNd5y6PeT44qHgFrhwP7+DhPjdoFmz78mEHLUT87j4DN9UnBJW5rufYOmGj3e3ff7kX5lFalL3OLOgymoTOiwPEwlpVLiEF1Vti0j3wVHiYI6sejSqc0s7xKU/AZISy4TIjJN5EWz+H68453sn95kfnAGp1TePG6KHbto3faPlYA6kSvRb+Ck7sMFNPbnfi5EODic0iI3qiC5WNTN/8GTfXjrRrH5NZ+LRPhl31u/z6WfWsoyq1Lp8485XcCzbQ3ZrZxD5Olx6qKOQJcHl+rpP5srN2pokiPYjTiOzw3DwLY9jxmZJc19rqcSYDThZz9rc/1v2jG98m+vvPx61WqJH+csvzAKqaTAQv9KAb6OZ4x12Z0e1Mfgj9b+rjKT9mORmluZRKUOFhwSbBQTtBGdn5RKUqHw4yki9oOzngWbCCytFqO1YQjoqsqayejKywSV0nYESKC+pm7orSuc0kGxtlGj4tgF1kpwjKNQ2CiK/n+fCQTHSX7vNB8kOZQTmkw2RiXeEqgpvBQODizCziCI2Z1C7lXVBk0ZQA0n6MBRAW3MlDXIq2kbdCZZHtxoofpz21Hc6eEFkp1pjpYGygwc92UYvkMLh2x27pi5sU1xlCNGy8lvpaQuGNDZWueeIqnFqaMeUk2O0VgHK2XJew4qxwpMWXAInwTYDMaEONAkFuKEj6iqNTfDnWDyRj0CJERfW+RWVT6YGHEeChlJU1JqUfcGFTBpXaseBFq4lXNnRyFt5yWjjLsSJ61RTrPRi5sqXDwUqnZtWhj+pchtfboSEC1gMeaGusYGocWco2xeh70+bnuWV2NCel0T1XW5sZCVafEeINY7QpKtY2yUWljDG8E57ethaLsidlnZ+TrGCbunV/R36EMKjkQWaxY7VDYMkZfJ8m6ARJLGtAMQIk6nNb0VFoYusikN9XobJvA7IW0DNqsSzzi6BeQFdDcFLCv68kRDprQth6pgmjwMKH3w2MjJeiXdcSZVo9mz2ayNrxqY2kfFG+2LgyZItziTPOgjOEcWG8eUXHDbeQlf9nTxQeY3nxBIeFdPFF+TQHyByhVn07FxZtZTe8hCefFKT1HoXviJi8yb4VauoAvwEe+ZVxkkcUtcKg8MzXKAUVhTvue8UTekivvljggFOFXAAjwKqoXn/vR45dWIn/r9HpSX9VduRk8qCnwUSaGJ666euUAGIe+lXtXDwvHCoH6ADjiz4KqHTrzfUkU0hN27b2zkfE5UKCHZGM9mgyPPwitvQ7Bs8dI0P21GT0PHQXxkwOkb4za/aWZ8Z9RiP2M9evC2YOvWjHhs3Upf/3SvhZk35lknI+EfHQYMJmP8rU6iuOqV24AunWOzT+bAW/5K/2VNQqH4NlIUgL0izYCH3ht+FsWOO7pg+0oBGb8ZMnuLzRmHgLG8DZUKp/BHfwPHV5/bGrgKI7izms2fUbbnB+oHTmmCds7Q9YeJKf22SQk3yx8eyIdo1e+1nBlma3ffNC9icDg94lmX3VCj1cFYp+P9cZ5KFjdSvKX0bbjzVySXyHr8DXdli+SWjjtT9JNbF8PAxTm06hFp3Ytfl3236t0tHhyjrrXkO26bPGFCyJuvvu5+diIXk8rinC/4Z97NSa+wgTqB9lieIhhgk9qk32D0YNn64DcxCjIw5g2v9rq++Pn0Z+wIeDSO4g/bl5xaQ+1fyYEPJhy3sEGYzxCp+9veI6+BhfDH0k1n9Q8dAcheMd6gf1KEsoHlwn81AD0fcGkHsrb4zgSJj9DB3vaD2j/gElyM7mZG7oYcdIpBG/RwOyrjc9P49F+8u6M3+CWugbU5o+KLZ52Uuo3YCx8uEDsRZ+Brr3KcsJey+eKEV2Fw4nHgSX9ZEOAr9GQO4sfxtcw4/Q5ITmPwUH64SjYk22JHDSD4n9OX5zYqMbXlkGuq3f9JWYdJwWg4apyfJeCgfqM0vVTbEO/ZVXpZa0GnkJ79ZtDnqdV1vzJ1fQRnLK8aQPkfQv0eJ/d7WMsLvh25NXXBmn8/bbzB6fIB7GB+y+y2aVDwJ4pjugmQKGP+mX6sN0P97Bz8jTmED9lRnkuitkBd0C/pAeHty3DvMSJljuesd5xpPqRTy53wKLEC3Gg/VRZ7yx6uu7bzXyUxcgX/zQ4Yk/3fUe4HrbGwV8cOHwCa6A7/ej8z3rpiQH//wPOoLR0R3NcrhfcOqwiRxlYZvBCCLunJYKI0BgX0iZbDTgsPyEJjuJ0VmCrgBNzmJPoJLDBAjjZZa2AJec3N2enSsMEVfXw5rEElstKC0FZXahjUZrMT89vBKW8NB+YClnfldUvxSU6LmA/1dgjLpvIzaNMjjuDqvdrAHlALxbs1TdQQ9K2EJngz02m2dY0rggUlGmuvqhCMZnnAqMMQPY8N+Rmv0Hu1kD8THyWt7GHamFA0WBgPyH8aFvQ4EJI9fEs0ltbnoVfTCDYot4PlUsnbwDWIkVOx3CCG/iJlBG9+mmuUDkUsGg9ydmqXMHyx5PZNEchFdkS59uGDbNzG460oOR/MKWfND3+8RvnIrtSH1aF/MwQ2Od2bbynLfWjqK0/4ZXiZzRj5xbcfQ9h8Fe00PwCGhJu0olKvGsDwB2D2qjKstSwKdXpwR9KUecnX14WMhfLtF85LZJ+QHce34Ne0Uw8as2Ay1snP0Y8+dYQWO1TZs61I1GNxnGOnF15jL6qxgGEZmJSxjQ3Hh+NnBjg3xwAuC4IZoLKU2tWh33vpF3uQFzuZpwKfckEeqRLkJxpAVZLeDshpKLM1BvjgVDLRVvVE1uYpavShHKBAisyLyEtNZBgabFtI1+WWk8c7PyWBAjTnqU1chKaYi/n8XR38b1dWgMWjaApa+FjWVEO8Z6pmiGBrk9OF0tkJRNHhuNt6T4cU6ZSrS12IoxDsk6GeCh20CfmfjQIzXyg4bqJWuo6S3KAPNxV11R2i8LF6KsPLYYonILIM5ULdb19KjQMt2hmatyW8DC7kNWEDlj620XBWsHDUtQRiIsWbovoI432qwiTvKXpApyuEkRMV8WAVuAxXqn9OcHRnsJxAN3XXEUDBFAVageiILjbq5KxSps2KBbWDoruNoN9Uw2Bv0o18MLJ3jNgIzrQoNWpdDRdwcvtmXCE3bL37Yg+jOdsOb4LsfXBOCV8WPvAp7CiXrxCeJAEP7UIozdRK15ANtNbQE4cwHPeddDynXML9Au6Ri+1W+IioFQOrJJ43TCZA02dvNTq6Hh3XE9kXPrl+/OiUFLPK6550l/dq3z2HlfFdOEddXcZ2XuKlvcXM1TfB4elxyxQ/RgIyieWRh1o0+x5wR0ufbLgGWaI/nbJ6kl2aRdR5HotAgoeaULoSU5tVwFtvHKgisugaX3WCPdBfzafw9J+ovDvT0qNzx178mVqpkde507KHd7jFvNZpefjCLq9eXXlKhCazzMA+ECgq3dxLHpvnswDnQPPPMDkjD+jt4WEuswh9WUQFXxHcNdpsMOuBJrynLPio/DCnaYp+Ja1v6fVEfzsxx93pCL5LAHdO3dI8NQbHx8cO37vyfRvpEQ4GQjkw6qYHscr2/UMITdNvDuzSCjfOeAD1aE8uiIsT4SCocenGgqzo5ZreULQ28PWJbDjrFb3NO2eSmcAwi35IofI1ulKkXXsI0MKTg9bNhmYQDR8dms2n8TAcn8YUbrQTMOBg8TWY9Ck6gFmbQxih2oLpY4yYOzSwE7wIpssYe/IdZMjRtZUeH+aPosvwlhaCS4kDWFZaBps1uVZsUprAdcNL9u2X7SJi4Gs6Kni6GkcT4o5lm1sVt2LYdnX5hhEeopHF4P5gNUJB70AJZTHOFBWjx3QUpJetTFvX/BZwaNTjFO60Y35AaGK3wbOYKO8FL4IGo2yb0BbNx2tYCvAgvphwFqTrrdlUsXQBBM3N7U6GDtMdRBi5ZR2jIqIQYuA5bjw5QPNsOWIDzq7LD2VPCwKpS5yqmcfS3/owmgDxIzhCGEyZcIqLEN4JLIshu3IMo3B3RfNQzcaLKuY+XMcU/bBUUCG1nB1DFJdrAut7AvP0J7AX9YGQpwAtxXyaZamvcFOdkYwTEBNlTqigQWZg8rL20YnWA01VHG4KjPK0CpitJ7xPft10F7JoRYKUQqyU+NSUYwmw2KDlkMShmakM25+SNpKgZ7tav7mCLPR034WPRXuIXIhdCZsBPVmJbrNEfUH9KtSQB/U9fltzxzHO7PwCkUB7uIHzMEqFQ81GnOY27pHS0VdDXfpdobDHyE9+FWmx1sGTXidWODdonfcVTDnzZzcB0FE+pm7yNftBT+HiJwrGdbeWmj6lyMXazW8CIYDTy1Ae2VLq+sQ4n4WtYsH00R/rALpa+g0HwMg8wTK6r6JJ/tNz+Yzm5w+aNfBZTBnOBmahCPz0jjcAaujyJa+8aTXY/iWTve4q4gx8bCYvkezAL4oD+5FqmMXCuHzHJCrA18qeEio4XMn4D3OjOglInA4E06IBagUgAIGyvXv6A+Tn4AIABSAifVVEiHQznDx+AQlIxlUjmMkU7W2ABCDp3dE90vXy8IM9pI3Vt0L7JQTUCkC+AAjKeLrNXQDVMxV2+AFMmfymmyqJJEIdqF0vSzMYC95YzXYreVAREndI6RXsHBX2wIQy0Q+Nr3R5WSASjSQF2KjsKAEmBgIRAf4QsYwKYT67qQsPk+yNoyTuvSJZnTSoOIEUhNtFXGD+jkX1us7thPR3JAWrVEbcJ8+XEdmhLq6K57s5A/ppfXtOwa23F06mXISkcHQZmA1MAVsk+lxAVpklKwKeZNtetCciBYPoKVG3SWyGsNNb5Wu7Q4XtcyDFxwdjV0j0I4RHB2NEV1nxxYN/ewWJrx91mS6mfFuH4ab1Wlipo+HCG5FjxzCoS7PwbVrOnWBl2wjVaxIFVM3K4OhzcBqSBAmSCGhglzQMhj0y4vR8PEaRChclAMnuGpukRyGFKdChOJFPzATpacNyGBQcS7EGnbWgbcCFZYN6/AuqJKpT6MIvIN3hoN3fR7Gkbw9AOrhxNTgVQ70LJdmxbcBkmLyIi/YGa3TZW1E7YKODO6CJ7PDWzTPcKjLc3DtunI1mskNwb8SCAmepis+wvCWnENS9kFZu+qgUTJowSpEE+ExCJAoUAwOcIPopEK20OFFXlAwN3xpmMteMMyoeofFyV2Vy0MkHYbdGoBwskECho4Ay4GUZCJNSgKRwCNg4Ah1TAzFhigkRBAJPEIHmoHVkABMkEJCzJ90SdSIUIB6TsItk0VnZyxWkROnE1fcTmsK11pagPSOUbFKy9i4CoMkONvZHAIWJ/pC2CgsKAEWAwnRAb6QESYVR8CAEWA5EJVMpElJIBJwBAwcoY4Jg9gQhYQIIoJHuJ0iuhkaw3CA/j/+V8V4DHfjwn8=','2023-07-12 12:30:22.333388',1),(6,1,12,'XqEQBAECAADbGwAAAAAAACi1L/1gYT8N3gAKoTVlHBAo3RpvfX+VygfvmmAIm8TH5+bpz5//N+Be2BTCBVUGhQYyrUaP02j3KZZRLxPE89cxdf8blPly6F8fOwj10mjFf7hC+66KOT9x1fkpNA3+ytDwAxFMeGpx4R8NPHqTGZsXG+fw5IgqfxrW9zYpHj7mV+T/kGpfnLjogz2JniZK/a1DYz8G3Ptz8wqfavD5cSQrPjsO5ZGBnZ+Rz+R5AMF+PUDoG/Uo/pit8VOjfr2QFNMDYXy/OariI9iO+LKK7Kekyfhfp8QvPjD3ymZFT2ZO4EXI1V9wI+JvNbg+y03pB+t9fQAB1j+1xvplxhpeRYjqOYBgPWq44J9rI/+Ex6z3jWl77eDqX5pV+1WXDO+a8cUARH/UC/15bfneLJntUYkWPBxz87doeX4SB/H3eGb9IA7FL6e4/Fln+ydOhb2tJuH30py8FXTFR4Vg/uzI3RNGdby5mN1fhEh/i56INzst8HBXAd7yi8Ernjv/RIjbN+p+/QqmnOedUnok8vGPdD57P6iYzzHC+TDclV/bvfse9bPHAAr00Bdonwn09AG46D2F9A4vK6Tx3b0nv40e+Qxee18UeMAjasR+ooHQR4QCfyTAvM882/tkAiO/jLr4K09pX7sA73Xk6r5c6fjLq4NeblC3wutfuMTCD+MAf1BT1YsSx70H2MH/daR5l+6UL6lg+Xb7y4O2XH7bW4hnpOJ6nghNr4L5/GdVE2+Eq/euknG/eD78NgQS/Mcw1AdP4H0jGOhrT3C+VSXfhyoT/drb3/cphnywROzbln3/gWPJLyRa/hkL5A9jSfozZuMvB9T1LVgSviYB8pM7v2AX/suAv75HutF3INE+9AbsoyIH/2U358N5I30gM/Xf5F54SimTjyvV8Mwqa9/2SP1TquIP+3L6YU4Z/0cx8rRTGi9E5vZyMjmPOjj2FCWcD9TN/Ohbsy9yof1eW8jPI0b5a8Zdv3hB5ZGKo3+Crt/7VsQ9Y2TyV0+ePPFq8V+PWHjoV36RlqUfKbz7mgM1DysW8uETvv5P1f66cHh/YdH8tXyg72gL9tnQg++XdvY6w1sv+dz0TLrmb7Rs8aj3t5/QAPI4xC1PGEr0cRvAPjJb9OPqhB7pd+crD0keTLznzfiMvzWC46fSGHgzmAy/ZxL+0KE2L6Qn/HeSEl6wnPiDLZwexUPfE2tAeTQpwDcOkPjpZNyv3mt/qjm9nxXkeihbs2/r4Pu31VcPmvP3m2aV32wu8cr2A//Yi/nNoD+Pvnr32LTlryYS+hLmHN9YlvKYaJVv/Pb1RmatP9Vhwns20PqaIYoPr6XwHfBMXynwwa/iQHjXkMU3967w3t+e7+Ss/hVQRn+IdfWqICzeNarsZTAd30Ma/X8sNV6pm+XNuSnf7hLlGT/23le2+zNPKX9DxtQfoUH/uOLWW30pfsjf8e94Fn8mIvDv6v48eC/2TyMWfmZW8ptInjzmtu1PYF179Y/Ex1nU/MjxoQdnjXgN6LfP95n3KhwK/8cJ61npfn9oeeqp+Gi+t0jye+mcXjjEyq8K/YgU3LtMor+AP40X8Yx7a8PW/92U+0iyyC9Lt34MpUr/Bn3+GsTkv/4S9Mh3rF9SonzD7NX3qyPwhng6X3vHeFXxuwdLxf5FarmvmT59k5UHX/Y180mWHj+TN/mRTG8vEk31Gn8Gfn0C6v8ufT4kdelna6N/EO7ohaygn/he/KcvNG8HefqgnQ5e6IP6RYAD/4cj7TmEtr5QzOljPEueJcnoM50Nf9bX9KnOBt/Cb+RLnk8+98uCdyYl/8vZpH90Vv7rKJjvqPrwzueUP4G669Whe19GUO63K3G+eNLDD1dleDJO3n+sOf+VQddvcAj9HhbX/6IC1BNLCP0DqLzfgLvjJfdk/0Qt6D1km/0hxcrrktL8TQbTCxPwez8r6If1svDQd9J/Xh3538UZT1xpcvFEJf8fAaAD08EQiI94AC/xxJM3t8Th5W7nPcPaIj6AenvDYDxXn59Sb212ZMY1D24BLBu6Fjy5BfK6Rx5XJdJrsjSILnjYBkfztWSJYPkaPm27fJMzE636zKoSjF0MYhbUQZwVMp37ICvC4ltM6B7usN5XT17wmYWwcGMgq8ot3p1IcdL4h0GT2ROWWh3tptF4t0j2ylyQiuNyZNg9YlxiEwMx41EmkBoSlkfcUAyEah04o2ZZtKzdSRXwDRDv1p5I6Zyxs87CHAc+jAaaXzIbw1AWPGKNrmF3HdmGQ4LzUJwAGVNoiRwPHjsDAxijo3UErUCskxLo9KTHgQyM29pGuJPHaIvBVvju4YExp0kPK0BxwA4UfHhxxDC9sZbzYbr0EFv0kah9hCTSRTma0vDpNihGW35/5WD5VbIxGhxlUoC5eEI3GWDcIrz6zFIDr1M20xhJSYbnbyPdhiZkq6KqCyZQCkihK0fdPg+AJuqSAAGgeiGb8OnQYG3wfFsN246fdP5diM6Gohkz3ZlN1yHZOEEBxD0xRbv54EyWPC0fpn5eM8e+0xUJvtAjAmdykcM45DHmY2FOo90A7gnVOO5WCmoLdy11mbjBnFgzyjOCL7+iislXA268cRffa2mYvZAaxjsQG36pj6kPuhb5CZKLL04SfhHbCZ+7gfedV3n/ASDby67aPCEDmE/0LPrrPIlfQkb7HgXiX9ah8x2hqP/LQ+CvhTY/R3DkV3VhPi731j/3uP6Oo/hjqFF98Uz6o5Cw/bbg8ufiHb330/F/3/E+RUHOa7t2/meEt/c7ivgVrr63kRDhnQQUeE7Kf9U31v85yf5c7qff5oH621QN76l9+3NIpA++ivcjy1c/gZj+zzl7fx0o+EdvSU/L4Oq5v8pe8fUeKoHhb7MyvlJ5yNtJKvx1ZfXLlBz+F9vIz3wMvilizpslFT+eDebTDmd+qqfRe0YMvsd65vM137/uaPTHH+rRF5N+JB3ykVd4PkSi+Z8iYTyhIfUbQPJ76eWJlxmyv2RT6S8GIj9cYPW7GX/9Mp7q0ziAeVXpxE8yuvkNS46/Wn7gW5Ujfwmo6Df4SH7fG9KbRc6+HSjN50Yg+ceWqh/uMHo8qcS3Q+/7FFXVycPzbUiQBwugc35AVFzyuTAVMgLHeA46ATrHog2LIjaYBLGZbD+ywrSQ3GCHWxysumrti0LmnbV0YvSG0iWOrNUqOPEVL5UJQ6kOC+xVVYvUpI7lS3locOrIhTmib5ATOKvVnesDckC4jJhXScPAHMEVSvNM6vailWBv8uoyMYnxLm1wIEHCI4an7VDOclbWiL2zYV86pQx6BSBzmegwAQdJjo9hrcIg2HVamCvunEiDwx8g1inbrkTuaMVpVUuvx5jA1cm4jvN+3RAXRyib3wBHv7w4G82ioep0OZDtmfxZ/+TB4JXyfJM0hXz6jcLZylBo0A/Kl6zmbyzwl9Vn8C6n5NPmjrkaaGTGm2ucaLOKakIGHoGrjBZAIDe9MJw9XiZbIAiQCkQdwSYFhDLzrkfEy88OD7EvxAJzoedidw0NZNaZAzuPMR4H6VwrFL3PHcZOK4gJToB0kIqU2Rs5r0jbDuxDbePgMxTvfIKwx8GsDMThwPv1w+emBr9GvfTQnFezMLdjRs4ySF+Zl0qiciQ/HQy8OewMQ60W17LLVEhs/nOD3skARLgiNnjMVYwHOmtMlHUpfRd348bwtHDXInkVWvtCIj0sqC4TH2wGwiVa2C7w/um8fRfbLfZ7HW9igW7K7LKCwUnwUsaWO8KeX+SOLLGJJA+5T7SCXxKVZmJjz2G7sqAVxno2HNHElknKUtgWbNpFHLiEOFTHqpMdIgRZBri67RuVgalktLDYCgqLHYlkm/Fol2wkNekrgcAuBR1b1KGN7PO3kGNviDMFNBLPxElFBKy9sGoDEr9f4YIF182vL3Zd87wHWYW1IX9EhmVeyn/NdHQhsUyvXyo5bL1rbX4iaofCoYrVIwj4pCFIXGQpKiCqhAdALLALvHlo5HInN7kB7lqJTgU8MVGs9ce9j2p7cCrFkojd8MBgSGZLhqDu/TMWgphNArbF8gYD3xGB60b0vk1wTKjD8HI7+1JqRQ8Csuzux37ApZnhQHHZx2P272UG46ReNxHrMiuZf16XaFncdY1tvKBhgQYH/1RaOZKOYKYZsnNOFTJNu6efZgc9F2lmEHMLsrTUJDb/qKGa90OE/GrhPU6FpPY/EeAHPpo7zbqKyhC0EgmQrE07w6VllRTPmSlB5lT5IqkNnkgLyralzYxRGmcYte8ekUkNKK6ZRueFmQ6ds5wbvfbiMsHb+sQM6h6QE559OXOjy9wZ3i2IIUJtVciyxO0Xwc73Q6uEgh1Gee2VlKHONvkNku7QjMyDD9Y6rCNAQnhhn8I2S8LdO8vLTTiBJ9UaDVyd6eWssVDfqWEjccLajZ0l10qXEyiuh3EfyHNUPB+9M52dDWiRGByuwy0qIcH6tewgAmSsrMNfaMizyxaRR6ZtwSpELxAezVma5Rh7HoEzOUCPQ7muoftOVKtvC6hNm6gUcbYLQAj4GSo+dY7X56WjsDu2NVUWwrZ7rxivfSAq7zJEMxYvCESktJcJybA8DVFQt3A9JDiIpX+ZgabdaEF49YBcAeRC+7PDeXkn/iCRVH1f8M3ZeSGBq+JSJhkEEiLxRq6Yt/fJQfr2VPhocgBdexgk+ibb6sH6OuV38WM0GfYH1x8XyklCPCSJmqB28EQKP2YOI5xkiG6rcb/EY0opEXA7oMtA0FHg2vEFriT3kDKWucZKwjDiewGgBcJOtzYoHPFspZN3B2EC4OrBNO0LKeRJ29dQ5pgVqHXVE9yIGeOYmAA1+849ePbpmwXdM66iQEwEIAP7JyYp9tACaYNcVA1sfBbkXoWypyPIQvM6Pi4IUu5my9/eRJ4vnJKBXxWji5Sl3yfQRhEHiw/2zCCyOE8oajGniOpSsysDqvn5jkF0tcAxIJbcwwwGFPbFY5hGCQYW1exNbk7joMsaVJE+D5M4L6qDUctt9ifOC0oBN0lyT6ZRBUi0BD8VmWWBLKxNsKdswaLfvugelkOeKVG9dlAwCpYVq87r3Rs/gOx2gFVBVffv2eL66rqPELqW048haWosC3TV4kkYJHZVZRAET0ALSozRExyOKIXybJ6rRDlKqegoFKImwfoEpywragtlm2cC6Ij4VNk4bMH8WcsISiT6+KCIwcyGLpUDHO+LQzQUVO3YKwSAtLoKj5J1ML7FRlIuJcc9QV4KOx/EanASmEMEWAL9gtN9rwZQefhHg9eswdTMoo4lpcWozYwflQEWZiFmxhq8RNCuH5tMGfOhdgBbgNIi8h1FBYS4GLIGOTlAa8rvdm8A0BxlKZVrMCdVd4dDD7xN48MaI05zHb4N5couxO6b5zAI2dpX7fSFZrfXF9CDOWHSCpU9FvYjLp8toyUGEl7iEQnQuCJvUTRQYNgRRbfUA/ZzvNtNtxkv7lMhzWIx6soR3tutd5QQwMUbxMG8Yu5FXXkRPB54NBA9eUeL8FHRoNN23rKAjweCvL2kXv0WIPEyRqNw/WvPy6IW4mBLw33isjcN4CfVo6at1wyb8y933xDzOimwMLg6MKYdncozGlJyMWSHqXSTVR/xJvMDrd7AWXOgwjHuK1CUOtn0VVbMgjsCZE4EAgHmgFdnOHCARGHf3YGFtLLqE5rruCitCQRjcs8tbu+eoU8FxtES/NaaItitNArQVeATxGQN8VVAOqwM+LXk/eA2nELT94MHidcyHbbXyNKqUbI0zM9AK3KiPme5rZa0qFWdEQy8Pga7IGSNRWSOvnRqe0gNX2Z5GZMZBW00CWi9j9ixNAItZsuKmKSW1bZxdFAAXzoEQ1ZS1WohqAB3wxiFPWt747DA7UmpNqhadorOvsyFki1uwKePOjjGeRtcbR98SmoKS8It7FrMtaleee3SBThwYqBDHoc8IYw761XKBBSu4gaqAFyOCBFySdvgaZ/ych3lfLCBAQ4+oBI2atc62iDJskgKZtmwESXnPA4BAjrNp4Ucgk2U7raSNgRZDEjAEoDIhOYCaGSAAHXmEXz7yLuZDwtCppjM5ivun2Z3k87oU2oG8z+lxcVgGn/ABgDavNCl7KhKp7ziEI3ypyaATpHY+80YX25szCNTCC26zi5UAC2x/iT+YUtkTLC8zDWSzsVyXSFVfE6Q5ofUpj7uD9kTNa38ydv308H1fQ7nxZcuuX1E5dZD+JZ5mnKvT5w4/hPCibfbBX06mbwP9Fj5n+TSHyH9fSPkLMJta7pnGPq4hTtO/USdb51FzHnosX3cmYBdI0hYb8gROuTCKk4vD8WCy1SzxjYDcOeY4/VsARcioqZyPZjMaZ38g+nbRo3rRb7EkVVyUGaaILGqAD6ajHsRZAdOQ+1qBaUQIXAZNOsUNKFoZdvDyCsvkBP///9TUuRGCOunjMIKYvKcxqVNCNx1QiP5SnWBaeHZtDVIxcuui3FpXM0Ji5Md5N6nmC86ZxIoFGjcKVCY8LRF/FGXf0SYIKzg9hXkG8AHAXzMEqXJhU1U01HCa6msQ1WUsrB6iL4CNvRS67WGgfakgKLd8+zBxrEm90ZX9eLJ5TiiNLcBQo4BiEXq9ALP0CVYdEZDlZjg0kZcyC0FXH4KBysL+uhUsd1L+hi0VXlgUAxCAD4aoFDUipiLrYL0ZNH70BDxVLunmSuPN3XI1zxKnIU3Ewb1ghMOdTgYEpSaCre7A0vryJ7b5F1NTYWqZMG1o9+kXIUeFGyTvTjrY+4r6cQHqXJOdWQ92ScprCKFQJHjUpUW+LFy4oC7eSK6A9Wl2PM1Ji9Fb+50xY0JFfGsCEVLisk4C6VEmXqdxCffGk8gcCxIppdGh2rbpnM6K4ghH8P4MjllSG1wk0JTtVdBAjv3wYYpUJW2o4ZgkQ0hV47CkQlkw6ZiJaQJY0SX1SkhTlqYXVnRBShb0CzNoQDX+5GRS+J9l5YZS/byPAuDHH5XxkbSVGn8ii7lO3reVEwLzSHDFq+shgOURZuutKMxo4GYEFiRDbIQt7OJqUu+pxW54c6ezsBSLZhOT7U9ZcRS0HU64s7dYG4uUEvkXm46/DChPhc9VRpbrXa3kyLuMyQRYggd83UoD0eMtXRigZ842CPXp2xbHZJohgCvgy5Y3DOpndvIU1TmUams1wa4WGhAOJNFEcZyewu3wAVXj5ZjfoDxGkZgY0yZHsJaAm6m9TtvUkOS2OROXmb0ZEZbl84FAuAuWIFROGu2qhkKJVLKjzD8lPVanstIHIBdfGFHTCw/WJbVAzRyFR16ChO0497xkT12UBj93fYi1cVsRFhaWoj8GRfN8hcuXOuMlWjeIsKVYBQMunGWnKKrd40S1m9xIqEctlGYK1wBfqt/Wb+DqDl+0FDHpOWwa9GWIUAys6+BsTKsPpdpauhIf9oGN2zrgtHON1zNuXpAdAAphzpAfGLQjL2I0BkGl9VKtznAdG5qfQPktCowCAArYA49QQwzYRut0b1iAki7hDf3AAn0cHNmWw9YkjtaEgQLcXy0C2lAy17gmhlDJhwq9wWq7LkLpR7zTjrbMQ0QwBNK0OokkUs9/ZNNQQgF5pcYFLkNyIbGYWjoLuAQLDiAJm3yMYZrF4JVSIhW9wHXvQyCGrG4UDnC9WGHSJc6r8nMBzwylPsF8eDLLEXN44ugUnE3rpBd5UuFAoy2WAZgVADhEFXS7oQScDsYgOkpBjeoEznfjJR1yXC2Qzp/3MowuW0d4hZhmWhTLPvDcYEptLYW72V3dJvBbWv6Gh91W5KG27RwhLossBPzdjlaFRSypGRFJR0IT0v8fKTNkDTnGJeBXNsOSoApbGA3NC5nNx3uVtRbMWXXp3XEciPFKEOGJMlOzaJD3rfSVp+g0H3VQwLc+qwHiEQGYni0LtIKg3arOjIaSQHXrYethtlXjMShZGdOn2o5ECQdZmmZA4/A5DSvHHSAxk263HO3PTFaXUBvIg/H1MhwxioPh0JVcjNXNkyZEpQ7pi+ZluTGfesO0pwNwyoYgaG0wq2bICRBYwHuCwI7i6XDCmHKEMmcmF8OiHsdmpssjHf3EpLvCx6IESVQSgBmfQIlw5kCrvSwgwa5SnGMtfRpT7tQIi3+m1LDOYCiEIQ9V8cSlSiswXYZSQ/XhboeCwMCSGWHXmJULZqmscvwWkcP+1JyO36FqDLMCHf2EOV+dfiFsEYR4iFZiTPK0fVArjJUOqVPmcyGBcZwLwLviZEo7Q74TWIXMXTkMC6k9zMY3blpDwnd1DngdpuE01TWTZnVDCRx90LQ8UKj0vRa1Ki0Lg1rpC1enrgYLGbj5Xe9n9Sg1oJ4vzThK4ZLIqt2qol5aHfBGuVkioLPGxZI9jAG+DIQepbzDeNmNPQB/chs7OQpbVXDpMkEvgoaUCFXaUvHB5NgV1t3W1lI8SadQbjMsTbOcHKCCMtoROTYRv4ZYvEmeguKSKLn5bLbSdv05DXY1Hdw9XmNOMyv3LS/t9blR0HR/oUp1l8QCB2cY0H9YZCcNkSdgYao9Xpv1h3IABRjDTYtotqWpY3wCotSdcrxaQZuex/eOpgEJ44TkZDvZvppnIuThxuVoJDehLASWQ/RUMicfT4gYocrXOjog0mJ4cIQDF3pwq6gx5T4HMQI5Msc298zEhmtcMZ6iAWoFIADBvD2d/QHk5+ACIABFABD8+tISQOpDpCLBs03kpToKeBwnqQRCaQxi2PN1IOawGjwB4fnoeZb+ghP8RiFhuuW4Xh2jLTg6+CTWmgvwEEx9EHfEMLceVjLTo4LaGlPyhXwsB/RIGuuB9jwz9BhTHnESSi14DdE2m4+IIiI4QEWtN7ikNpdBi2scTPf9myIxaUtRax6RirzQhDGXDtOY9igJ31IyKDs0IRdSmFrtQHT7A5auIQ9c06CpLVHIr+zMUEVQENFDUqwtBzBEWucpvHTayipd8JlxcRF0GeThU5dspZWWFpNKoIb1TH2DA9Y8pvUJE4Mr5yJbIY0gPmjc54+BcOWIyKiRBatd1NKtjS8MF6wqCf9GRwySqhm4S9Jwo0clPBWxkupu4gE9wo6pQ8AAABbWFAo/ZABgNkKY4PSByAiRDJyOoY+IQMAQMBZGDoJmZABws6K8gNChlkWLcEpYUwa5mkry5HDn+oDjL4IuxeRCgqgwBcJQWgcGrjlvJFkZKwn8DHzvO9+bKvUSBUWxs+j4qYOqzOqaS0gEPLyBYS7L4gJCC1gZFR2xGQEtCEHgZABZkAIGWAGAoWULbYMMDOCbGDoEHZEREQsR0Gn9AEA4PUBIiIiOBQolD4hAwDbUeQUtjRhrOSQAYhIRkbO1kEmZAAIEHCODgIhE1pA2Dl1TECQAUZGRmVPRkAmOggIhHgGAgLRSVkg/BlBTCBlAUZlR0RMRigbOoQMADAD+iMiYFBQSLn0AYCZEcMGhi1DREREcjoKti0DAACAs1AwbJmQAcDOCuMSD0CZupJ8IPY//ldhydbFvvAf','2023-07-12 12:30:25.247488',1),(7,12,1,'XqEQBAECAAD8GwAAAAAAACi1L/1gYT8V3wBKoAllGxAo3Rq6Kwm7bezRJ251WxCmtX5oeBvA9m+0KRUGZgY/BlmUaU1Iytao6RnK+n5UF1HuIMwc/HrgNq/WKJKXN7hRRLctEqNEr1iGGmJfzUFWWPRwoj6WAqz8I3Lx8jV4JmGTgyrcXHqAgNEAz4LHww+Yo6nXQjAUphWRKy0/cuV+v4hgQ/Zx4kAcZ06q952fPGk4+rtgIQ8C+dIHKFHNY/YesBRHosrjFTIovk5yQqfAAehWwSJ9jFSdAmJ8EOs6cbLTBWme/bCCqJKkb0Lnvry6IARhfADAim1aZW6NrYxeddVGgiHyV2glYtgYA2GcHGSoBpLgWPb4Q5dng4DG4IpFmF0YaCwhS+Pb2fP2cSrbaS1FGTPzXGXW+8YrlQUZA8IqxNyDYqtoZEiOxCkJRHfgYqfW2C8DM1ohSjnoMueyC1pqj9x7NKhjjBhBeuf+FkjWMOdWVkehCCBh7E91Tw6si/mM2Jq98rYus9ejCSVpI628gRaWXE9m8PQN0Q9qKQeeAIFB24x3OlPTGLfiwh9EVVYozp5pDow8CJrmekx35JBBfM1SfmnjWF8CW+0sjSoZz/6KQVpwLJ75s0FNi3nnPDmTwuZ5nspoanefuTSF0XKd4J89TVyhWbTj5rkMABN4RV9DGjgbhZwXLp/wpUThThAXDh6cQfYEDfq+UWpNI4BRHWdHEnOfLXA6vlkDfb4c5+czkc4b+8ktQ+osw+JWp4GlvWiydfbQbZKBBkwMO8AZdaeU1bLR7ehfrdPnR8wYbrATwfFEK0ggbZBMCktZH5r+VoMT8Xy2Y25M0ZmDCBu6O9pkhz78BkZztNl9k8sh9/BLu67ziXtA9BFNzWsSF8IqXi/NXgQ9o9pfyhtuJNUn3UawtBwOMqBNx2HD2hYPASqIkTiAMU4uJNEuijORnK9Adkg8qyjewyqVfujPzquDY/6YaO0Tjne9o2nGexAgfqaO8e9ww3snR4qv8D5+AZlRrxK590ini99lMv5nX6q/IhPxmmgfvgOi7oc5H74AOO6n7NH6Di4Af50t4Sfuuk/p0ftghip/M5X4fENmP/EI/TYQuO8tJfnJKRx+B9Lmu3AuHpS2401Re36RO+zZyS5//H7gmVJYPtuTwE9xlr8hLtH3Naj99UiZp7GTeSEg3Z+FYfDqjuDfl4r6jy5nH5Lq+1UpGR4qvPKT0NqeK1ru+6abv8J49Gs4frzbS9snUqh5KFTzl9zp+1dLyAfFaXzzktsXrnl6GkQJb1ot9JAor4/u+/PGGyxe/KrnGQeF/uy09+Eupn9qz+NJcDIfgyDeixPzvpXR9+tBUHvCJ+tHryJ7HdHVp7Oo+MG66Idhj/CNnNVPRvv71ZfAb/vR82iFXi9mZPkVXuM/7EifCvHox4Fyvs2N823iZD8qm8P7THj4asnBpzZC+Rc3ucdgtPprnkJfGR38uwYM35Ks6LkvjL/abfyvArg9lZzl0+49vW2v6isYrnpBuugfdhvwZBzm7xye+HtJPi+KIvsWbmne08P9PwednzR76NVO1T+Ute6zIow/N2/uxSmBnjvD6G0DHPi1mKq/XlN7DkGXv4tKPjIi85t+opfzh6DXfOn15O9VWf8E1rjnnhD61i+W72ub+RoNmAcuLX8lcLnnNRTwmk+Sb+cA4zNTbD565edReJQe8IrDa0ioeajFobekinlGbNKvoRt5rb63/xGg9Nzgop/LnOBX2Zm/OS72Bz0HfCQUzncI+nwGmytvswH6RuIsv9JB8z8FAz9pQu83uQg/O8TJp2wC+KQMty9dNPdr0xEPG2rhJUg6n8Kb128za3gwit4n00F8JG/XX1/qeVULAl46Z/el3mq+6xjpbwYTPJAkhceK0fDLWkkv1o7yo5ni/xZV87JQcu9AbMAvwTT+XezCa6kZeCSP7m/w7eHzjF7/Bcr4yYiNnhxr6JUABH3buvFrBHp8cZLMN/Ca+pdl1Ud0Y/C2WyNf3C327JgdD5Vy/rXMHr+A9e6XPzj+EeCCbwAI+pU1wl/3FPbqTIEfPF35MrWdf5al+XlAdB+NgfbilUb+H2KiwzMsCfwhfuIjHjkzhxd5/BwOPeh4W8DQYaDgMYOfrdNTq7i3sWXJNg5wATloJpkDSj8wGHwwkiGZXUoIghG3kNQjxh0b7uwzuux1m9/k2SwaO6Nl5obmJwwWMRJUhUoXVI474PzEkaaRvbT4fcnhBI2N+tGOboujAs3i1D1Nidhg+Mp1E7VY7zgxWkgA96juhjrycJ9UTnq4Nl0k39A4kNUHV5f+mG6dl0E7YKn5PNICOwFQWlqUTJF1BYaAZbc/UXZSfPb0PU3Y6ESkwQJaUbsl6lCEXyUkZtrPAtzrtx/pR3IcUAdIVf06iGQ8W1HrSaUmGblJIw6WWq4SBNcgZjvNlu4zJjJbq+CzmMAz12ZcShJ6aCENhOas4txhsWVWFgrIKucKUeJcGut3nKDKqgtFrEacVpTCHopbY73RRVpd3tQR8ITFSbu2gAKfcteyqMM55aG1gcdIWJhb1hJUteD3ARdipina5nOKa0xtFNg40FeBSFljTAR4UpHpomLsC4oahsUHC2M/JOXQDM/EnDtNBRqldtuX14R2X7WaNkhkOOmDuxqBZCVWU4XQb6nCTuuUHDIINlFaa5/gfa5ZPrdqJUp6oKAmV0DapmMWMgPiXXdVTI5c0ynTkDBXFIVhokoq+sNS+8Ehul8YHi6CPIq42Lvf3T0fALO8GGJll6fuGK2L2TCbn4GcJVCuEz46c2M7oyegALsu/i3QXONgm+KXrMfj7+lwfyvM9myoj++WLv1Cn+CXzF6/LVz2C1/8/j6X84LO3k+uDvWmoAi+xNXkPZw/PuPV6QW0sLzwg5N/Bol8t7Xtj3w7/h7cAr/YYOZ3uikewfjxVx3Y8GTch1+IQO+nmNGeWaPszwhAPqE3hb8kQnnTNe9/HiJ7vMegF6c5elYL3scsJHoN4KefgYz426QEj4Wd9nEya1869vU/wR6/bTrhFzekfGJT2eNWmv020PDjpmQ9CRqCR8JG/WZRwN+6uHgmC4qPZXThNdhF/1aDwDel0r3gHcQLS1z8ghMKX+VE/Igcxp8Sb+61izbfmgbqcaJdX8P045uTBJ+UhfQxWDmf7RHjUQgE/3lw+MtRTP6AE6Avo976pw2LT+la+EBQhs8XbfYl3gK+BHbjoSl8Qa12TFC4Kc5pFuPaYR2SFsbepvsznE6Mi22MHeIAmCHwsPymAq2x6wGXltRXi3GmwrBm4j4HbNxwxTSA2g6OOXCOgAveX82FlNVMw37iOo3azYOLoLg4DFsMQH6N2DA2lgUjQ5gIA2HqTptun/QAlHfgRbnX0YJtoeNntiUC0jDGRa0Hqe2p3CopluRLydTI7EHkVasYrwlvi9pYMyV/icSd9RCqhlRAOdjI5bc6p0FTjdEHCpPTr8FkzzXf5W0l4Cpdih04lGbP3B5ltUpWFF0B+jKGKOwBugzTfP81sFB93LxTWsIYdIk8ulFQ11Qz17hH9QkqsgHB61xkDbog7G+5h4oRGEK6rgUrO6RKTk5WTrtKXkhHE10+DlSK2GwNk9cMaIa4IsvWhL1OWcR6VXseXmL28Xo8eu2Gb0RljEby3S5izDxmSJ9WKrJGBuofAKBSqWlVLj1439ET0mfsNpdgOecWWOBptHUWijS4vKiyxkEriosh4WsgkmH3Czuzp32Wmieh7LpgGgGuGvVLhTjd7s/hn2DvjOfdRGzx58lmIiy+m9IyIDgLpa9XrcIsAdjEaHktyFzUtGT3vBkJJlh7tk1faCNqm+oszMYOcpdrPyxvqqVF+om2+3B0BMu98qkaQ35rZorXOZ7EpqUPSEE0kDrSaBmImoE7C5XUV/bKFUMFNfBsDldtCqJugindF5dsa2AqRY2h7dIgzUVZqvdZrx3hZ3ZKz5VsvQPSSNlQg1WuNnIg1I+xhoZT0yfDsCotzn3T4hKWR5FkXip0PjjLPVVwxwjidNq6hiBw8YK+QG5pVIoOe+dDh6O2rvRUrcE7dwAlo3lo+vKecYXkVC0EUrrg6R50lgHLRU6Bh19PUR9cmADd7Da2dtI40c2evkk539SRDOrANM0oRbyKfCGPU+GhK9ktcAa0hf119BxfM/vj0fx+W3+KmTbZYXVwB5XEIPsD+Z8X5ZuKDOdWhqXuVU7rjg/caFYK4kyp0lq3mz7nX7ZPBxWNn72oUpZJhmLicsrAq88odHcShFHmdDZjOZCsSHekFiY3x1BCvR27gXLZaS1h6iD5gJI0d65lFlN5f3V9/WQPkTW3AmVysQ9SPzEUQugJ2eQLISeLwl5CS3WDA29Vbk+bEHZHoQv0gczRoMvFMC55Zjf64bJA15o0MPOorEp79eBR0NVqVDgsz7mRuqkBFhhLWAjiLysk4HI3epFvyBKjsSWlqou0ZDEVglCogBtUMHgXM5rFzr9nJhzGDfhqcw5PBdEifEoO9i5bG+1aLCC8SBaBuGphGreJcCurEJ6AU2NRSm3VO0vBBhs9DgOq/kCxt0qBMn68LnKSKpkUi81ZlqF0Q+8o3r7HKi9o2uxMQpUOJPrwKi4dy76AuVQ1RgQxcAiwqI8GOIcwEB2cZShprfQ9ZlKpdl5jQUwmuCvLd/KtglNGZ9ZzAnaIKUGjBzovH7RGmD5bHNC1bz/EZJSt08JQcwGnSlWFjxdfaoeacBSdgG2L7oo+BbAU1GGs/lnDVFSSAJYs20v5zaBWG45iKsauCCCYVqIiKqfRhf35SpmFoYmH3EHy78y30OOIqqolrGQRBCfiC+yg4Lkn+R5w2e/Gm6zyFALZWd87OFCmtporv7TVw7ohnZnyLF0jTg0mV3DOO/PtBmBA5xPoqKYGbsN2YCitH4hqbmUWZktk78o9oclPzcaNLU1Sv88Q3kDtge/dpn5vkp9f4Ar9LU5A/7xo9RHtVe8bVeAL4Cm+44vqJ7F1/gS2hMfqXPzrLqDv8AL7mTqiH+0i/pAd2E+bXvSpvCJ/9bX4z6TsD4AK8uMUKH4cbMnf8oy+Ft+FV2G6f27df6FR4C9NkD/TE9ujKmj7tZO2j00EeVMxjJeT9X1OqInnCl58cgLRDyXV/BrkwI9+VOEv9NweFS3jneCOnrf2/rhhQi9aYvRYFoSep67kPWx4+lNH5H9BOfu/3tCX7HT5aJm7v2sOvsdN1B+L/INSjjzLpvrbPuD9vNOfd1Wn8G/GIt87fADK1SJ94g9op2hU7wZYmM/p9A6EB7JYiF06ttK2xDWhiqi30PMixc8ozWd1CfS4w7aHC2cGZ8myx1C1SJF14nmV6q6bWBeQ11Mza7/UH7OuMUiiii28P0ZIbktLf/U6dM0ChWNtovKdXWi+aZtPjrkZHyKehTirez0mesD1BIksBRM24Uu36svh6t5JZR8T8EfZ1/+IHfYnaCz/krj2t7A8P1ak9ofFgx+d5PbVbzRfPb35JLTTf8/weBwYx2+fg/xmpwSPfIz8OFME3nYG+m9yPN/p73/Qo+ijnTZegTbUzyzQfJk7yiOyjj1j7eDTIJDwrHi+XxlO+3tbp//NOPw8BarfB87ri0plX4jj6SUZaLxYbfNrPL98Bx6ih1N++tviilc3u/8uD+xP6XJ9iVz5Q+tYvZqe0R/dOn+KlvT3Rjp+7Vbdn+TevMlqhj9Eq3jH0uPXtsH9sF/YB3WGfmhql0+Te0zi81dX/nnPoce/1bN+a2Oi36CG+GaTjk83APoJWBLfwvnVoxMBPRXp0p9ASn/2y8h3jH0+Bjv2FwS2fEYdj4dBAnxTwAU/WfvgE2zgvPSf9o/iqe05sBOxaHpUJmMNkAShHp6ogA1vO3z0xG4zGnyE9hH45QtTSZXy+uoFzNUa7AcoSTtK4xpy3BYzAwRI65oBh68DZ8ENc++bCq8FYLRd5h9iRZkyslx05F2naBU+rPPa09mEiPXZa+7rJTXsW3o4CmILUu8C584oCXaBaRd1L4NsaEeuFGUCCdGhNSWI5V3j6DNtto/FNenA8yAW1IwlaXBHEHbqhFKjL2wurjLkKfKr6LGuBbiIoO1rEckPLjh7jVD9ObWVSKgLV8GlaglVfFOGqY4EJkMagwhEUUKygNZnwTrYN4oAQ5PJp5NtGgLNuwODOTPy12F0ZhDhs7tX4MXGuaKB8KNXVlazC+s6hfekOs5f8UstPy/aY/Clzl9iatUmBnXg5LUFSMtgsielhkjVZX8S2G74WxaOYJ5cGtYGifmaVv3sCIMADGYUc0bHtQqSpjjXvFMacgmK2Sh5UFHJ+jkpW1Wq6KdsXOTvKL+HmVJ7VcMzHLThgkRYQ80mHo3mEAbgsoOJbBctkxW44IfurPgMIvIEcHsIUQdoy1jrXPei5bHELwEmS/MD290XEH9AZ8BuUXbMxVAsnLGn/FpcSqxyN7TWX32E7zytX3/uPP//v8R4fCyEAikm/tYMNe2oO7N+eBfJs9C+YqWqrq6wIQUoxRoN6rwxIS39i2WJNt16NhYvtfOAyCcyDpK5W2igC+EmawDCDjMh6xlkctW1UB0tXrEUJR8fGYSVNwwGCcCjpLtnOnMOCnEIcf0qE0sbQZsQ1Kt5p52GHWAKEmfjrTl3Ll7+IQSDcsjE7e4iLDfJGWAkj+1EefKj3ULC9McCP/Q8un9c4unEbP9FfO7BN8Kq6SxEpFVR9sT06cAqvLEs7zBfvWynT2jm86se4DflkZ4JOX17Cq5AwWjAXp1fp1epIEE+ltYiKNlEgDkGsKDRt8YKPBIBdHo0BizKQ7wbi18Pm0YYpsUr6xgJ7pwi5M0R72nWcbD+eGppC2VVEr8sGKp0NIBgtPQTN9gNw9Hw9yUspHfE0oTHUjXQqUeIDk80y+CbnQSVIZgu0/f7r7Hhb4cgqXCdkrs9DZuNid/R2l+AbaHJdzJ3Hu0A7b8rWsFvlJ5Yyo7dFKJJKC+Kte5biYc9vxLBeLJlCax8pMPloq4b+C5j96T3tJZckMiDRoQKpTBMHBUps+5THVuW5WDkAxPVzF3QM1yVktPyjgxDB0VPmYJ8+041BnxJo4LJpoGi+Mh9q+tBmXDrU9wCrGcWNlookerEtYXaW/WE1hXdAAVWGOfsIsw8xQ5EHAlbXUmYnJCeQJbuUQJhReeYl5BlIb/Oyt5ufGDH5duY7NBMwMiGL0loe8yLumdXN7ykA2SEJ/EENIBylT8qi/kqZ8E4nAuJiLjlC+NMNoGdk+Gg3trYCkLtbfMwKgo5qzhFJPGB+bGXtu9z/ftEW9jHPqT9GO7ER8rt/PEYsv9Rq/gQtgp/a9n94x2svkjD63MZSHl15NS36/p4Nr28h65AedTZulccbPBluSqfwcnnp7fWv/aC4lXn5B7BNeNjEhj8ssfzdwop/D4rAL9MQfgp1H0fAwvrrXGfXqzV7OWkMnyDNJfXndPwkVdTv9tF+eqkuO8NXfrCAZp/mCf3R6xV/3nF+9eC6J6Ix/MJDVsf47Tyx7FOv6+S9G2yqZ/d2vzhGBw90ZnbZ7luf4or8psKqH31FNWfKaLwQLmLf6lA8NW7J74bLeXZpHyf2Pz1N7TE/OaE2R/tlX8Vr/bnnuz8D7LpQ1gi8LbeZ0arKEZzmgsUw7E+LuvWedE4Y6SisXBUg89NzXVWCbMKO/GiVHq8f81q76Q0M2vrJkcIMPAFMnkUZDv3mIYq864wORvKUSxuXTIXwW0aoC4d2BTA3wYUNHiNAq2jqs4KBXmbkiTS3H+FLXbMTmdThSsTKxnMkhm1hSY1PHb3dq8x8SRqnZVAkpX/ZaAIathIe+ppn12KPRsk7pHqw61BRAoXG533EZMM9UaQDNrpPz+JqaCnB67dQISYpyTitt+i53ZnLk9aLYN3DdeYVQmntNIin8mbzTViwu86maB8PTvIZm68wTlMgGkmUoiEV6ib8MDqbrguiy8R6ZJaNUkhMScgR19ZSHeMWYh5f3qbQ3haWBmgk0ROjYbmhU9sjwXbGJB1+VqSYABDhp5H6PUsI4GicyIl8nEfjROTBB/WY1AWm6h2lvq+IkykCyUyUMrNvVX1kosrEvJyPyGTDuKMGNuZWasyVfjL0Ko7h3wANYo7F+irUHcwSe0sKTXFDMAShDQGQV3KOzm39sa69goKv5lnbZbQHbfVUJYQvrCWqeKndKj0Zs6YJz0eAdxGerRjIpNYIt4gXhfYeLeqICUUz7kO4lVtRnx+kjt1j8cailtulocgu6CHN+oQ9rC5NVkJANw81cvzaU6fhfHYsfCbWxS/GsS+BeNBr7Mht6yVqNPVSm/01Pho3+xwggyYEQIVOAb3xKP7wV23hoObYdyMt1RylkcCG8pYeHr5cYoiEjKw8FXu1q0Lrd/bdXPO3ACaaGe1b5IPUsOKT09bAr8YTKB+dB4g0Mz8SJLnsYRx4YjesRVjt17KvUpvmUpNkf9KmniJvL8nwC6qArAdJ7+aUMc0IvJRrg34bE2oLgq1CWqOanvYsxxhKHGmXHj6yPNUYtLkGdWTbsPP8F0W8FWbRs78WCdR7Y6VNbkkpImlKJlgVoNs0QvJ6LGdIruvT3YgVQ4HLEXMBkgGirP1YJ7qIDi0q7pjUGmZ2GMn1T0VLIV2+HqNzZmElfOMaXwzB4gFqBSABAbs9nf0B3OfgAQABhQARPCtSaAGMrEecKnUdRdosHaUQjNe97EdUQOAdeIMOzDVyqjkAAAIAAAIAAAAAP5qZVqdpFaWIAemWpmFAwAgqBVYtAVDEQxSyn5F+/It8yReMRwrxcoSm8frymbF+E75EI71BVLV5ZbsMfEXrKI0PdvFZCjsIFYUIb9z+0lZFuGmlHXTU9aLF4oi3Ene1imKikVRNwc7CUlSfEPTUzxqhQuItMebRBRRiwAAAIA/BdrEm1uK74JVAWZxdKGlzkZ7+Thv3mcRAAAAAAwo0Ezw5r3E2cDrFJtdGjUeqlBtGEXjcsp2BXhuPCyjyhKrr+2H/IpxTKnEHn1INVnURiEVRbFIiQpGpTaR8DVBPlHqEpB4zHBUwjkLpKrLLdkz8djoqCh1n9Ae09sCE4+lj0FYd15qhSqzSjcmEz4pbNjWteahGeMzycb0MVAUFYuiolAUgVZhRxZTFEUhAACYU+dckrIsggAKYAVUkKKIIlSlUcYgevOeAwAAQESxZken2HZp1PhQhWrDKBqXK9sV4HLjYRlVlli9th/yU4xjiqNUih6TS69WyRb6T/8CAWn3rfNSACWogCpURBF6rtInxHSfOgO1xzNFFIlT0PS9ec8BYClZ4C1+uufN43wTUWNxlBfaox2oKCIRVQQAAAAAAAAAAAAAAAAAAAAAUEJpcPx5dBOKR6H+AEZ6czikc+8xiuXqUm9IfC48Sga5Rzbtx7TeE2jlaLEE68dgq6tJ+zXCu8BjOcYWZJoXW/oepDODpVaunkE8V2+4VogWbxzGDkmwpumhRrVBcu3Lt8wT8YrhqBQrS2werys1K8Y35UM41hdIVSu3ZM/EvdhYxeETSv3HfxKPhGH0OvwH','2023-07-12 12:30:27.037936',1),(8,1,12,'XqEQBAECAAAGHAAAAAAAACi1L/1gYT9l3wCaoAllGxAo3Rq/q1b3HiqAVVhu4HgEzctrw03DGwZPAcIFbQaKBjEC/lRk6klwfR4HmPQ31fYeMAfsmQzUvrZN639gZf2IZtNroNX9cefYz9I7e0vgiA870vlzEd33hfD7zhXnX3a38xE+F48MpPwWMz9Pt8L9vMseX04z+5YK8H7X6sObowT+twYEP92r9CuBat9igfAdwPJ+VKfmU2gj+daRpg8fofxQcc0vCZf5lNUA7zFRbfGvHVP8Z0tnz+Gp96JkgA9mt/4NDCne+vn+6di7f0GS+p6x60+m6va93dbvzNX8O3yPXzn+4J0KGP6fFvOnjoB9qqjGe6o8+ByjkP8Ayv4OurCeLyz7PzLSv0PS6h/oGf7QXtJf4O59wVINX5ey9Bs8AL/R+PgbOKP7sF2Mz6X2fREt9g/7VXsMQybPQ+vyz8lzDxpe+0Pi5o/AAvI7Tad+sdnzy6AovI+u4jMXtT2np83ndRU/xvfEn/eyvQYnyedsOl5w80+TfPeqesLvfFv9gS7h/zu4/XwTLN7Q9+JZGoR9xjXRe6xIfpQ59l/f/n5VMfDrDJX9dyXWX5W0/qEQ8u/xaT1ICslPl3c+B3Trv/iwfbXU1j9adf4NcYHPXof5k9fhv6YW/kZZ9G8VU/+tx6E/BPPwbMLPPyEo+qvNAl+79eUJKfD9sAbRvxuU8EI/9ASczH7LLOfVGZ/JpPqNQeRewGDFZ1d1vHj8d2Vwfx6F6RdIBn4v5dXPaJt+DQ0en7pJ9IXfst4N2vlXl9efuoLop39Kn1Tv5hmhITyF2Ib/MIv6pE+E78JO+Ql8oj9WrcOz8Ml9hwcN3kM64n9din2ql89/shI+oAGMv2GF+kfsCu9Ih/IZEjO8cJfRG8E1fQWI66O5yX4sLsU3X6x/02P4bzCSPdUh6m/bUL+FZN9j339+wKTGI99WeEyfu2e/IOAPwAr4OzKvv4vefsQYq/94w3wS0ZGHQyN6uMDC/7Gm/jQ535eQOvl2ktcPZhz029/Kf/oi+hoXRp+AysyzGPr8pnnIe2Km/DhQ14vWSL2AQ+GvOi/6qrmRP9/l/OvBAd/NDfuwyepf+DrxfpbfDzi793YPNPwbXtOvM24/6onupxHpfhe16Heme3ziH+jzYQr4kS3Xf0tj/r6v2w86svzd07evelr97mfzd6SZ+c+9m0c+r/mi3c9vxBV6iiPmR8bF/fPvyzcurv0BhXtf2GX3JjI2DxfS+Vnk6d+yw/bGmXrPFQf3iIftfyv3+nN11Z/Y3f0X3ui98wAflm7nj6iEP3zq6DsPn95OCu4nbXPfWQrndepG3u667KMsc/6CbO0XDY99HvDLgzh+/idq0deyTb807dxzw2B4QHGrF07X/Q7F5vfgbfsJQYgPnyx91y6Ox2ob+2gq5NepRvqhnLcnVKn9vLWh7+xzfQq1Vc+Bo/auqlwP5U32kttA/8dV+pjgP98WW/RWGNyvTUjhLyzC/Nhmgs+i+Xti9O8H7xD3KNIZv1m+8W9st8/4xfzBp45PFq36bcFKTwXg720Zof6nwN/jSkT/xQCVB8tq8OYdVj4Zwu7/AJU8HjDq00aavfe106t9eb+ZBs4nwKr5LpEvv2G04Rm7rT5DToOf+x3/l14B39No9UhObi8tweIxXo2/w1PWe3dx/Ixe9bs9cbx5dIUvg8D9yotGrzhB9IGpvj9dcuvPYoE+eFf5q3ubv2p340VUUB9UbMNr5hj4UDOuv9c8v/Xf8COOkfxPX8X7Vfjw2ae7n9by6xkU/LoGnAe5xHq4JZRHRnJ5KVbYX0GXeMoL0teDWvrgiL2/0XJ7AWp8T0D95hshm/5q2ERI5d8AlfY3XyF+5M/nHw6yfKtO0m9ISXher9pP4CHoDXsqPDqP4MNEWP/XceQfRZE8M5vhq8uCfZOAH4/Q/2xL4AfFFXsL7qg3KxPwxZEVF48E4P8hJj46w442PMRPfMQ3X+YAN5ejx6kDMYOTFDD8A2QW89EyNbVqAEcWDflmIS7Y1sKSqdztQijknzl2t+RG4jUgRokiHQas/JhgD4OluSAGuWbj7W4I63D7oZxYQU/RZq5N3CSb0meXj2LnZyYxMKrTHE8CulfNWEs1EHCZwZMaq/pZS3L7+O24pI63hNHFY4zeold7kJQHaw9yax3gHhwKKXifcinOLsGcW2Sfz1qtu9hbfMRqG3jBZEoY41IhqhlbjE9WOWC1R0B6BZreIUKnfYDAGXP42mMislqDcTUBJg9p4ugxwMMtgTLpkoAYheZSoWOmAGi0HRdSqWN2Hy08f+gZNPP8nYx0RVTZDRoG55JmqSY/vatz5I1622GdE15XWulc0SHT5Hm1rA9PYn0wGr9GOhFp2nw5UOKQrkxSJSksKVjq4NZNdvGc73LBS3cRWwUlN08CITMyO5sJnI6yLU3WvryprRmtC8No06fdXFaQhhSEaFLysHSbl7Lstq+xJUZObMiF6OqJRodwF9bg4tCVuqKNfPkGuU2uFNDDsw0VRfn9qZmblCMccU5OwCKNU8lC1QtFvMDLyxbMjFfQ2eXwDTsArFQS3Oc9sPJmysTezAmzvCs/N8OIZnt9qFJtGSybKQACgSPZrUcKmFVYzEyuAIZ8q5CiLVxbAIuK2GovxvTo1mTSedB5Wb3rkEkj0+wJKpxDopBD2TqIN8ae13JMvd0kLLN6uYBuZ+7ww2KtE5UGsxhCaVTx8IqacvtY43Hty+yC/WaIXOqppwCMIIeYRERzc54/JOUfiK0F5xSNljp5K3aN6guOk8+Lv2kTjHUcUy9ITbUy/cG8kCMlNeDSuaNyV4XdSAu7hTJvde/H5UPGNMzeCBJi0c2Fcdelr52OegjIAp4tBilC41j2RyAGvzXXRr5IjHCjDlXEaCjYch4MdcV9tZrpXhwXE8ZEfCN4S3F2r7MQ41Q5lCR0YL554JxrHhiegBYtChO6xGkx4RjqIAgcpbaR3Xs7Vu1p9/Tn3NXDbx/lI4btKelF7EkiDw3YQ96vO87lewBBQbBYGnPN5xRcWm4LTpSfK5VABYJM3vyoNvtYc39jymhVAbPUnEyP4z4QSry1uC7RPiix7GqcVevKTsItm3Aw/hMShjtbOTqhk2PtQ2TudZh8EFn7yssAl2aH3S437Rq4GrrN+6npZlwwmd+XGtsBxO06ScjtxszwxquMWl/nuGOKXplpguSQqWg3hxo1hPHE/t1R85vsAeTeFPmQhXdyV8dUPvLkMK2FAD7yyzr168dZbpVamRMXcRPSdUDdvCTjxpcQU6jMGNrlC/WqwVBRWPWYi19ybmheIN8sWduACtkJJEVyn1UHyrKLQIYGmSiB4yRol9mutEVsMEzwQFEem3T7Avr1GcYIXwnX+2Fxw58oTf1jM3M/+4G/U+TwcTj2XvMV53t5ef7jq+e1vvzXn+LTKYxfs5DwVTloPQCZr39ssfsMSboffP98Jw7PfwZd/iUfeN6bZPx3tUF+KtbA64SofdmO0M9GFPieKdWvgt19c1zDP52de6ykmt9xkPUOaDGfdslappWnDCZItXYDjEAcisgLWS2qG1dwNfOSJPEI7zrWCmvsAQpTyMepIUUFIBUsAXLcVm54mY2chyvIzi6laRwADZNybEpgbPTB8UT24A5bdMZBMYUnjQbQTx+iD4u1dGpzGD5bRAM0h80egpcI0nbdfEDYgVQCXQnNbpNJWfQw1Zoct+6ZgPtJV5HZmOqwg5Ci64DhUC/Dc+QiDzcBBZN7uhmqOB+MtBI7YqpVVHA9bAIaE8LtWJBUJmJo5ia4o04c+8OAgILvAT5giq7INc5aqthMP8EQjPHQO0yPUO8ayZKChbayFqnCyJT5tOsGKIROUEDpxYOVhSwKa8JxdxKJlkFTX4rVT6OiRcojGn7ZR8mHp50rzAJomA9kElhgzppJ7nEXfKzafVvhdCyCT+z9QKSbjyd4x1MbGuYwOYhzNjq2rJ7ZAeZfEZKSZWdpFEOIEhg41buOEIhxlo9JAvbXzajWxrtOXztWRiDseEZmu/hSOWGkzVZMEFhYBTkYWOIHRCm+t0fg555bf3ez1m+gOvtIkaSvigDzJzhpP5z5+9Dmdx/HN/tt487vN3v7qaMbjwPu9HJbcb9UtvEajc+PxgX1GVGX/0ie+FeeGN90p3uxm+WX0uN4CbS/76Vt9V6upR/hmvZULGLv63fxbIWYf71S9hkBr+ziODmOPRNexs9C7V4a40XidztCrVqKwxN1CcA7oMtb3XOsqmLX3H17GbJiU/e2XF9JaGePPyxHr1abpnN2hD2UTklgDB7VpgZLtnKQV65mpCMd1DmzIy70y6icshlLwSTBfpgLvSSUnnnCTIWtawEqEWPx8sWRc5yGbrPB+pN8z3KpjRCEQ8l5Su5kb/EKq9SzsuTCCwRt+4U27MJky0AAdMSWVNdOgFJFA6utSlEzUAlv5s5giPeVAQ2FueBM0LJoVEwAaD/XCuysgKTZEN+tkyWLor0eDEwwH0X+tW/uIHpk7cHdTaF9UPfjMS4iNizvA70AFbtXi8ql5VOG6P0SUjL8re3EzxFivVP207O+vb4yae/fLqr9OAb3K4EIvyIy3qOwhT2iqPOndCLwdGqyvHvbeYtW0mD0pIAkzcLTRNACiemBzj2iGxyWbagaYwowuxfgkP++QtysTgFsyDlzUnwK5/BwI7PX03kbbsF9b5P2NtTsCl/dHPMqgMAqvUDRBaBm7d3Jce0Z8wGLiGkId6J4GyZnDCRzIqOq5A/bj+gnE1S0njQRhI6WwAaVsdXrQHQ5JGW/Nr6tFtKdnQh94ITPAX9PPp2zPePuisFPRcqN2KJnkSJagWToxiyndUJxzWNwhAQJlL++k8RyCxvWRalSv1yEKBl3XURIaK8V5jUXkNrKA0ifasxx6WIYoBMhaSreDRv+OkURPQngPCqMZu6B5lFVHDS4g1SnlEgkyLytxUXpynuB1fLM+33mUpg3BugXVFY8N2YyZK0ayKMA6HVKR4dQcJvYyPEF2y88o8XJk0YnD0hd1377QJStQH8Bc+4auGQGI30OpZeyG3LTBm2nblMpBooPA4ZD7gzTTVAuBYeic1aweXjXyP5Ig5pscCuzYt0/SspD4yorS+5nLkmNB6KcnW82jfKwRZ1dYg2s3YVvTghJuGSwbEhDMoGV7lSl0uCozS7k0jmLZ1dNGt07Y90wk+N4xdBZPdODmAPN5QSC6w74C2XExwFgFiIXYnOW5gF8q0TWpbVWBNZrg69Spb44OKmqawcbEksWLTbwqXXu1bmcHDTEXHVMvyBcrrRgsBVAu0fygtJTayaCpxih3iIWCaNsAesrUbiWxqc042LB8yrb3dnrDYkRrQyAQtUF045T0XcxWYo4xnq4Setwy7YAMb3KhTsT5JaxbRCReQpfj0Y/7CCcTmSp+GhuiRYknCpIPCi1FXxVswwDDjuXp2xq6WAAn4/W/Q1U7iMvecJm8QrshCM1orQFtWTjsyYlde+9ojc3XUUwljA21o1Jk2fynWUIRKLRDZssR2a2bguLZ9OOURu6j4EwcqrVO1xbEWUgwwBqITTI6uLbgTHFg7VhIMnYY4SFPAYYS39j4lu5qZ6nXpKGMaEiCFaq756hhXY2mReQxuseHljLxpo3JZFLGVZu12rTNpyJawpJvW49IEcAu1KNoqMYRb9d3VGgEiiPMCLQ0Cx+XZsz2UdMTrFcjMDPGobD0QVwN8xo12/SivI6OcRUg0eHPa4VzCoKmhw6sDXmKIyX1qzCwcxi8BAklwkmevY4c2540k6qvgPpEaOGkiQdKIPhwhTUxPNMoNC6c5JPgAqIXb0d5yuI31Zldmmuo5ANA3A+dngjrLR1Y2ycxB2rMG1kySB9OUSvbhWTTM5I6rT4KspxgD2wvt214c4vMIey+oV2QukLu5CFKYMthwelgJl7nQpJ3aYMN/GdBiwTtJt1ahoMnDmeLcQVocJBCMaKUxTWt997sMmGqJPMOU9bMxJbX7YHKZmYLkB0bNjQ6dByxD9ww1dLZn4RDtTUiJmLroBEEOoeM17Q5GWoK12cezSr61qiE5yd+Vsj3egYyw1BRiiS8zXFgekth+p78uzHvP41JvcGXqD/hsFwHgJuR6oWXM7wMcOLcDF2iFWQjvS3jxkLqRTRiwYAXKbzDhNRMwrTqs1O2z16EpY98v5l3Kmk8MHEODPrPTH9gamfiMwGOsDQqSeC1jL5WRpM7RdsyBtO+mjtUobUDPkAQUfO0CGNXDFPaWPlMRyszJKS0bFHIAWO9UecrvFz3kfhHNO0zhbglAGh+4QEo9JjphqOZMoshqgpB2laQu+YrwkBhKM+rpYhNh69ydFysss1yz3OwrvMWFZSli3FdFHhDC36Ri4hsPWJjKYwPW8ml4K1zXg3p5av1mKUcIO+ZX3OuUz50WjFyBQnMvhc08MI//8ftwVhGbt9TVQlp3SxIqri59Ecjze8Pd0zGpDGBGtQ5HVJ7NWb7BHzxeo6gqcI7nae2Y+Qd71LsNBDhST4jR32jxTUejwNc48ld/NCjnvPQNrjS4chvG1N80cAv/mZ9eVHToD9PYueH2VM8u25un+gleR5i1ye2srlY9kffxQl9IkMhH9saIR/kZMgjSxAmX35eDMFwHInYBOzLC0ls+YCDqhYo6W4Ljk8l4QKkANpNl5/tQTHKSgQIE5UvHtjJrE2bJQaR6EC5XpoGIH2tHaXELTJyUtp8sFOcg5kSvAqTLwKFHU1pWUHZ3jcHcRuZbeSXOkadcB46+oCc7XV0TlYgC+/+aSLTAJ15zmV0+AGDTchiNWQgA0VkuvwrsOjIQv5cHAB1HsJe6THLwL7TlfD1NXVTFKYCI2qBADu6lqX087yERnPTqbgkyFf/u0t52f7ID6doviHoXE+rbH1d6kgPYS1ylc4En71rX+iNrqn+gDwlxJWT3Yg4pHZbH8aLf33eEX/koTDg+WW/KA62BNnFvhqDVzvHCv1gpSE70uu8saQV1+7DfJNd3rflG36FiRsf6WZ5sNxOf8W8O8HkXSf5un+kgq232o99htv/2H6Pn9B8uxbgG185V6Hp5UL+yMO2u8GUviXsx2eqMnxWLoxy0HHBifgB9nDicdCmL+/l9rzI5MXuopNyA8nqKuKN1wiyAcUOEw2Q09WWI2nDUcmiK0D5YbuhoIo/mJ25AXyMxkk6hUhgCmbYi3rHaBXF3N9xg6FgTN0SRRkC6DReeLzHHLy0biCtylmJbqWOlbSoEATjTTSKOI1KTqLoJysJAjeOBbaSLI1L4PCNHNhcNOxoDYrBXXEAgwtq66WCc/eTuNCHx0Rd5Z5nHALrqTlZvq2AXsN+6BYOEDdLM1Fu3LXccGL7iKVRKNBAiawhB3I91XH7PlaBuYJgd7GcHM9BUXfzEurMKUSZOfX3oq0I0zj0qtPbBTnxZYYH2PYCMSgP7AW0VZRGO+Ng7iyX1/1Kr5Ep0ghZpAdX3kTPuVRcMVFAULhjFJb3eCQj/Y3t7rGfaitXI4KYzjrOJerpKwzKDyDWPu3sJphcMlJgwwsX7mA1vsHUHs4wzqCzruVnDMVW6tFG23TkkB4Inpm2oA/sikEmyUG+nL2MN3ofLJQuDWQJsF61awTDroF0J3gaJypqlD/3nCa4LxDAYZpLNjCcV+oBiVdFmOnZasWBwo1bkWbZ3NuTC/qjAEnTgXFGXgpBfC50JEqYOL4QE2UwmRzibogsZoQsnLaaxp7bFMaHHyMw2R1iRS6TjFO8q7NqGkXwaGo3FGXx8XXmluvgngxj5QQK+Rd0+nk6dqpBUQNdKieF2OL2hyIxz4HSBVik8QieN2d0QF1QNgmsGOe8lYlbYddFVxkMKyMG9YHQS4Kli6DhO17U4kxp+TpNp2pu/YiImrMoZLojsX2Gf1cTZQPbFZKz1basmbBau+CVFvRw6j2wbeSkm7dWeawzlyqr5kMJt0T0t5OD2x0ma4VFlfJnYXa+mztUOdyYG7J5GgY7HSpXpq5ID+6CtU9os0LKzHX2IeslUmg7ooZNI2mDQkqA8ZpkSEda6UJBdaFXycmN+aM71+kElIhJoNNyi59VOyyZhdub+Zg7b6ZjyNsJ7Q5zG12SixvwA7cfVI6lG1XvV2QwmAzQJ0yhNU2suaC8Yb1eZ0oha6qATAeqn2LpLIq3Z7ZHiisDH8CLPKu3O2MwI03+UJ2RPvb4YP2xAaLdnU4lloNFM+99KBVJ9MTibiKyvhoqAmRkaEiRpU5RrAyHI2U0gRzgYxGiXc+VWlqCy9MVFCIj9KiGtAwiTLsZoTzwHtdpYxBELkoOwRXxhokAQSaKV9Uxgl0omNy4znCN3CxtVC0pFZFRccDgr4WIHODUGGLYEozWgRGPJLFvn7DvGBg8IXCJjg9NL/t0LUZPvWBoicMPoDJLbBXXMg0Eo+UWgKyxBZo7VmpZU5UDzVMt5YutFHrG/WbgX3wNufFrhOLWtq0fYcmenA6cy/SumGnBFEKRsglIH+DNlelkr9KJsDO60R5bangmbxZ0zYCA4ri8whScy/3KdJSNmLF0EAoxDQUmvUUTRzDHQJwyiwm2iIJV1DWDS74uBMRwsDw8OXjV5FJWXjzWbR3henQQfQ1wZaXy4kNr4gFqBSABAfo9nf0B1OfAAQAYAMUAEXwrUlH0BDlh2l7ii4nwV5BmkoA8rCbo/B4wdHgiAhFuMcM92E1xZ6yJngzxQxXejDpNUi4r2yUJ/xPOW0ozzSNNkiNuyFUCYedlhF/WkxECO18I6bJCNlxCYgcs9izhq/z3Rgx/0i2Rq6MYUDPK9HfaUSx91hZk/AwCDvtFGMI0N9ObQ/QlbyD37q2sAl0Etm1ddVPNEXk3YIzWbYzZSCsS6UK75nBXU96rv4BY6LWCpk0Y+YsQprgDe8iebAO4E1evuUICIQzWoeS4lRcLcJ7AtMUqLt/m+XqegmIsdhr7jAYMfJaTw1ANEpcAgEtShEZBnyPK0Cu7sqlwLU1AIrCiloo5iZ2mS5oTAaoyteq23WBzDgEVLxRrhFjY3pABIgIVqtnEEJEOFlajIzgz1RECkwJRAztXvdLVbdDKoA8dincHNk19xGMEdBvvoGs1HUprPRwJW5ihqY4KUUl9oVuNVZIBt11gmJyQCwjU7SqfqOMmQxTeYuM6l6H7xwj3Rt1g2mqRa6H277nOEtMvqk4lQsx8k0z8LpuUkyOCNBzS5nJctTtAL7HQdWtKX7nGOneqBukVS1yPdz2Peescj/TNNog7ZY6eZj2m8Y+oB9hVUAlvteKYdebfUpZnnGWUiADeC8o6RL9LZz0GTNkZq8iaIt0XwrbMu9rDewBfksDPbEbI6aUIhKovVDbtbox/PZfymlDPNM02mDaLTl5mPabxnZAP2ElH+BtqrEd+Lat5Ce4F3C0E+wljfwY/tKO9qS5hrA60mxRyZ44X+ysx7wpC/gSb6QU7Zg+LWVfyr+QgzzSL2iojvgeNvRH+t+RdMHWItHfd6KXph6A9/oCrgb+SLkYFj78x/8TycIweiX+Aw==','2023-07-12 12:30:29.246768',1);
/*!40000 ALTER TABLE `chat` ENABLE KEYS */;
UNLOCK TABLES;

--
-- Table structure for table `chat_sender`
--

DROP TABLE IF EXISTS `chat_sender`;
/*!40101 SET @saved_cs_client     = @@character_set_client */;
/*!50503 SET character_set_client = utf8 */;
CREATE TABLE `chat_sender` (
  `Id` int NOT NULL AUTO_INCREMENT,
  `SenderId` int NOT NULL,
  `ReceiverId` int NOT NULL,
  `Message` longtext CHARACTER SET utf8 COLLATE utf8_general_ci NOT NULL,
  `Timestamp` datetime(6) NOT NULL,
  `Status` int NOT NULL,
  PRIMARY KEY (`Id`),
  KEY `IX_chat_sender_ReceiverId` (`ReceiverId`),
  KEY `IX_chat_sender_SenderId` (`SenderId`),
  CONSTRAINT `FK_chat_sender_users_ReceiverId` FOREIGN KEY (`ReceiverId`) REFERENCES `users` (`Id`) ON DELETE CASCADE,
  CONSTRAINT `FK_chat_sender_users_SenderId` FOREIGN KEY (`SenderId`) REFERENCES `users` (`Id`) ON DELETE CASCADE
) ENGINE=InnoDB AUTO_INCREMENT=9 DEFAULT CHARSET=utf8 COLLATE=utf8_general_ci;
/*!40101 SET character_set_client = @saved_cs_client */;

--
-- Dumping data for table `chat_sender`
--

LOCK TABLES `chat_sender` WRITE;
/*!40000 ALTER TABLE `chat_sender` DISABLE KEYS */;
INSERT INTO `chat_sender` VALUES (1,12,1,'U2FsdGVkX1/+83fSyi9qu2F+dHYJzIxgB9mJ2e+j/X8=','2023-07-12 12:29:56.188798',0),(2,1,12,'U2FsdGVkX19Bf/lJoTPUEOS4fDQUXzAcnhrULD3Pr28=','2023-07-12 12:30:08.718654',0),(3,1,12,'U2FsdGVkX1+HUDyDIbeTif5VPYPadhynVPm3Mki2lY4=','2023-07-12 12:30:13.611797',0),(4,12,1,'U2FsdGVkX1/wf3C8DAqJfiQXJRGUZd9/9VaSe/A4SQ4=','2023-07-12 12:30:17.162753',0),(5,1,12,'U2FsdGVkX19CptPlX0EJ63JcoxIbD285bu9G5kobIa4=','2023-07-12 12:30:22.335019',0),(6,1,12,'U2FsdGVkX1+RsfLBhYhlBm3oYbOt9Gmeq/O4Qmisflg=','2023-07-12 12:30:25.247921',0),(7,12,1,'U2FsdGVkX19jwftGJpsJnu0RS1h3mHB0gm/4EH31IIw=','2023-07-12 12:30:27.043425',0),(8,1,12,'U2FsdGVkX1/kbM5gCRtSsUFckHxE3/irRKHywBkG2Jw=','2023-07-12 12:30:29.252510',0);
/*!40000 ALTER TABLE `chat_sender` ENABLE KEYS */;
UNLOCK TABLES;

--
-- Table structure for table `comment`
--

DROP TABLE IF EXISTS `comment`;
/*!40101 SET @saved_cs_client     = @@character_set_client */;
/*!50503 SET character_set_client = utf8 */;
CREATE TABLE `comment` (
  `Id` int NOT NULL AUTO_INCREMENT,
  `UserId` int NOT NULL,
  `ImageId` int NOT NULL,
  `CommentText` longtext CHARACTER SET utf8 COLLATE utf8_general_ci NOT NULL,
  `CreatedAt` datetime(6) NOT NULL,
  PRIMARY KEY (`Id`),
  KEY `IX_comment_ImageId` (`ImageId`),
  KEY `IX_comment_UserId` (`UserId`),
  CONSTRAINT `FK_comment_image_ImageId` FOREIGN KEY (`ImageId`) REFERENCES `image` (`Id`) ON DELETE CASCADE,
  CONSTRAINT `FK_comment_users_UserId` FOREIGN KEY (`UserId`) REFERENCES `users` (`Id`) ON DELETE CASCADE
) ENGINE=InnoDB DEFAULT CHARSET=utf8 COLLATE=utf8_general_ci;
/*!40101 SET character_set_client = @saved_cs_client */;

--
-- Dumping data for table `comment`
--

LOCK TABLES `comment` WRITE;
/*!40000 ALTER TABLE `comment` DISABLE KEYS */;
/*!40000 ALTER TABLE `comment` ENABLE KEYS */;
UNLOCK TABLES;

--
-- Table structure for table `editor`
--

DROP TABLE IF EXISTS `editor`;
/*!40101 SET @saved_cs_client     = @@character_set_client */;
/*!50503 SET character_set_client = utf8 */;
CREATE TABLE `editor` (
  `Id` int NOT NULL AUTO_INCREMENT,
  `EditorId` int NOT NULL,
  `ImageId` int NOT NULL,
  `Date` datetime(6) NOT NULL,
  PRIMARY KEY (`Id`),
  UNIQUE KEY `IX_editor_ImageId` (`ImageId`),
  KEY `IX_editor_EditorId` (`EditorId`),
  CONSTRAINT `FK_editor_image_ImageId` FOREIGN KEY (`ImageId`) REFERENCES `image` (`Id`) ON DELETE CASCADE,
  CONSTRAINT `FK_editor_users_EditorId` FOREIGN KEY (`EditorId`) REFERENCES `users` (`Id`) ON DELETE CASCADE
) ENGINE=InnoDB AUTO_INCREMENT=13 DEFAULT CHARSET=utf8 COLLATE=utf8_general_ci;
/*!40101 SET character_set_client = @saved_cs_client */;

--
-- Dumping data for table `editor`
--

LOCK TABLES `editor` WRITE;
/*!40000 ALTER TABLE `editor` DISABLE KEYS */;
INSERT INTO `editor` VALUES (1,1,35,'2023-07-12 09:32:00.680000'),(2,1,32,'2023-07-12 09:32:04.581000'),(3,1,31,'2023-07-12 09:32:06.144000'),(4,1,28,'2023-07-12 09:32:10.136000'),(5,1,20,'2023-07-12 09:32:30.142000'),(7,1,16,'2023-07-12 09:32:34.663000'),(8,1,27,'2023-07-12 09:32:52.177000'),(9,1,26,'2023-07-12 09:32:53.340000'),(10,1,30,'2023-07-12 09:32:54.696000'),(12,1,23,'2023-07-12 09:33:04.693000');
/*!40000 ALTER TABLE `editor` ENABLE KEYS */;
UNLOCK TABLES;

--
-- Table structure for table `follow`
--

DROP TABLE IF EXISTS `follow`;
/*!40101 SET @saved_cs_client     = @@character_set_client */;
/*!50503 SET character_set_client = utf8 */;
CREATE TABLE `follow` (
  `Id` int NOT NULL AUTO_INCREMENT,
  `FollowerId` int NOT NULL,
  `FollowingId` int NOT NULL,
  PRIMARY KEY (`Id`),
  KEY `IX_follow_FollowerId` (`FollowerId`),
  KEY `IX_follow_FollowingId` (`FollowingId`),
  CONSTRAINT `FK_follow_users_FollowerId` FOREIGN KEY (`FollowerId`) REFERENCES `users` (`Id`) ON DELETE CASCADE,
  CONSTRAINT `FK_follow_users_FollowingId` FOREIGN KEY (`FollowingId`) REFERENCES `users` (`Id`) ON DELETE CASCADE
) ENGINE=InnoDB AUTO_INCREMENT=12 DEFAULT CHARSET=utf8 COLLATE=utf8_general_ci;
/*!40101 SET character_set_client = @saved_cs_client */;

--
-- Dumping data for table `follow`
--

LOCK TABLES `follow` WRITE;
/*!40000 ALTER TABLE `follow` DISABLE KEYS */;
INSERT INTO `follow` VALUES (10,1,12);
/*!40000 ALTER TABLE `follow` ENABLE KEYS */;
UNLOCK TABLES;

--
-- Table structure for table `gallery`
--

DROP TABLE IF EXISTS `gallery`;
/*!40101 SET @saved_cs_client     = @@character_set_client */;
/*!50503 SET character_set_client = utf8 */;
CREATE TABLE `gallery` (
  `Id` int NOT NULL AUTO_INCREMENT,
  `Name` longtext CHARACTER SET utf8 COLLATE utf8_general_ci NOT NULL,
  `UserId` int DEFAULT NULL,
  `IsPrivate` tinyint(1) NOT NULL,
  `Description` longtext CHARACTER SET utf8 COLLATE utf8_general_ci NOT NULL,
  PRIMARY KEY (`Id`),
  KEY `IX_gallery_UserId` (`UserId`),
  CONSTRAINT `FK_gallery_users_UserId` FOREIGN KEY (`UserId`) REFERENCES `users` (`Id`)
) ENGINE=InnoDB AUTO_INCREMENT=2 DEFAULT CHARSET=utf8 COLLATE=utf8_general_ci;
/*!40101 SET character_set_client = @saved_cs_client */;

--
-- Dumping data for table `gallery`
--

LOCK TABLES `gallery` WRITE;
/*!40000 ALTER TABLE `gallery` DISABLE KEYS */;
/*!40000 ALTER TABLE `gallery` ENABLE KEYS */;
UNLOCK TABLES;

--
-- Table structure for table `image`
--

DROP TABLE IF EXISTS `image`;
/*!40101 SET @saved_cs_client     = @@character_set_client */;
/*!50503 SET character_set_client = utf8 */;
CREATE TABLE `image` (
  `Id` int NOT NULL AUTO_INCREMENT,
  `AutorId` int NOT NULL,
  `Description` longtext CHARACTER SET utf8 COLLATE utf8_general_ci,
  `Title` longtext CHARACTER SET utf8 COLLATE utf8_general_ci NOT NULL,
  `Taked` datetime(6) NOT NULL,
  `Uploaded` datetime(6) NOT NULL,
  `LocationId` int DEFAULT NULL,
  `ImageUrl` longtext CHARACTER SET utf8 COLLATE utf8_general_ci NOT NULL,
  `Category` int NOT NULL,
  `Width` int NOT NULL,
  `Height` int NOT NULL,
  `GalleryId` int DEFAULT NULL,
  PRIMARY KEY (`Id`),
  KEY `IX_image_AutorId` (`AutorId`),
  KEY `IX_image_GalleryId` (`GalleryId`),
  KEY `IX_image_LocationId` (`LocationId`),
  CONSTRAINT `FK_image_gallery_GalleryId` FOREIGN KEY (`GalleryId`) REFERENCES `gallery` (`Id`),
  CONSTRAINT `FK_image_location_LocationId` FOREIGN KEY (`LocationId`) REFERENCES `location` (`Id`),
  CONSTRAINT `FK_image_users_AutorId` FOREIGN KEY (`AutorId`) REFERENCES `users` (`Id`) ON DELETE CASCADE
) ENGINE=InnoDB AUTO_INCREMENT=36 DEFAULT CHARSET=utf8 COLLATE=utf8_general_ci;
/*!40101 SET character_set_client = @saved_cs_client */;

--
-- Dumping data for table `image`
--

LOCK TABLES `image` WRITE;
/*!40000 ALTER TABLE `image` DISABLE KEYS */;
INSERT INTO `image` VALUES (1,1,'','Abstract','2023-07-01 00:00:00.000000','2023-07-12 08:19:34.849000',1,'https://firebasestorage.googleapis.com/v0/b/vizo-fd61c.appspot.com/o/images%2F-HlmImRbqJ9GBv6lKBHBo.jpg?alt=media&token=1be319b9-79ce-43f1-a5cb-b1f437415354',0,2000,1333,NULL),(2,1,'','Architecture','2023-07-01 00:00:00.000000','2023-07-12 08:20:48.899000',2,'https://firebasestorage.googleapis.com/v0/b/vizo-fd61c.appspot.com/o/images%2Fn5JlywVthogCYS6dv9glA.jpg?alt=media&token=703dcf80-3090-4d4a-871a-937f752d823c',0,2000,1116,NULL),(3,1,'','Abastarct4','2023-06-02 00:00:00.000000','2023-07-12 08:21:47.772000',3,'https://firebasestorage.googleapis.com/v0/b/vizo-fd61c.appspot.com/o/images%2FrVxY3mjulZM2xCm7uvc0I.jpg?alt=media&token=30ad3bd8-3bb1-49f9-918d-d377ba9b2761',0,2000,1353,NULL),(4,1,'','Arial1','2023-06-21 00:00:00.000000','2023-07-12 08:22:50.860000',4,'https://firebasestorage.googleapis.com/v0/b/vizo-fd61c.appspot.com/o/images%2F9jEcf8x_DQSuMztDvZBek.jpg?alt=media&token=8bea4d60-941f-4908-9743-87acc6445a6e',1,1000,892,NULL),(5,1,'','City','2023-07-08 00:00:00.000000','2023-07-12 08:23:45.066000',5,'https://firebasestorage.googleapis.com/v0/b/vizo-fd61c.appspot.com/o/images%2FYefwwp4hlHXfTNFR-RwLT.jpg?alt=media&token=02f08d06-def5-413b-8116-76f301475772',5,730,410,NULL),(6,2,'','Abastract4','2023-07-09 00:00:00.000000','2023-07-12 08:27:31.137000',6,'https://firebasestorage.googleapis.com/v0/b/vizo-fd61c.appspot.com/o/images%2FCop6p8TAlvHXCDO0qhDbj.jpg?alt=media&token=025dece8-d7cd-4da7-af05-f7f103a22337',0,2000,1334,NULL),(7,2,'','Arial2','2023-07-06 00:00:00.000000','2023-07-12 08:28:10.546000',7,'https://firebasestorage.googleapis.com/v0/b/vizo-fd61c.appspot.com/o/images%2FSMgUljd7DMUnJmwiQss7c.jpg?alt=media&token=c7ae2606-d8fd-4cb4-b3ad-1657ed9f46d0',4,2000,742,NULL),(8,2,'','Arial4','2023-06-30 00:00:00.000000','2023-07-12 08:28:50.220000',8,'https://firebasestorage.googleapis.com/v0/b/vizo-fd61c.appspot.com/o/images%2FnSmgWvyR1EKLrwD4mH9Zq.jpg?alt=media&token=3051076d-7240-4e94-857f-bd5ea79cd812',1,2000,1332,NULL),(9,2,'','Bird','2023-07-03 00:00:00.000000','2023-07-12 08:29:37.705000',9,'https://firebasestorage.googleapis.com/v0/b/vizo-fd61c.appspot.com/o/images%2Fq0iqJBrS8dt-4_iLa15zx.jpg?alt=media&token=ffefd8ac-bd71-4a33-9423-69a337c84674',16,1500,843,NULL),(10,2,'','BW1','2023-07-02 00:00:00.000000','2023-07-12 08:30:08.246000',10,'https://firebasestorage.googleapis.com/v0/b/vizo-fd61c.appspot.com/o/images%2FnsZgchh9O6tW6E-zbo8iU.jpg?alt=media&token=0bdc7f94-8e31-4538-bb27-9fe59112ff9a',3,2000,1272,NULL),(11,2,'','Bird2','2023-07-01 00:00:00.000000','2023-07-12 08:31:05.533000',11,'https://firebasestorage.googleapis.com/v0/b/vizo-fd61c.appspot.com/o/images%2FKc8IcE2lHhcXor7HKqYOc.jpg?alt=media&token=6fdcbf0c-cd9f-425a-bb68-6c09df7caee5',2,1500,844,NULL),(12,2,'','BW2','2023-07-08 00:00:00.000000','2023-07-12 08:32:37.021000',12,'https://firebasestorage.googleapis.com/v0/b/vizo-fd61c.appspot.com/o/images%2FMXresWMICOWIz6H5lPTv0.jpg?alt=media&token=3858d386-1997-4314-ada6-92a69dec273e',3,1000,562,NULL),(13,2,'','Under1','2023-07-04 00:00:00.000000','2023-07-12 08:33:25.833000',1,'https://firebasestorage.googleapis.com/v0/b/vizo-fd61c.appspot.com/o/images%2FrngNlIEGsgrGzdw_kE_Dd.jpg?alt=media&token=edf873c3-e2de-4fb2-9700-67fd7b42b68f',25,1500,1125,NULL),(14,3,'','Bw3','2023-06-03 00:00:00.000000','2023-07-12 08:34:48.323000',13,'https://firebasestorage.googleapis.com/v0/b/vizo-fd61c.appspot.com/o/images%2FwhRkpG-5MoN5w45JN_MD2.jpg?alt=media&token=f56ff82a-434d-4ed6-aa5a-53e2ff1289ec',3,2000,1335,NULL),(15,3,'','Bird4','2023-07-09 00:00:00.000000','2023-07-12 08:35:52.733000',14,'https://firebasestorage.googleapis.com/v0/b/vizo-fd61c.appspot.com/o/images%2FQ1BIncAADEhUMuvHftU2x.jpg?alt=media&token=312504f8-dcbb-4a1b-a842-1e17bca990cd',16,1500,937,NULL),(16,3,'','Bird5','2023-07-09 00:00:00.000000','2023-07-12 08:37:10.489000',9,'https://firebasestorage.googleapis.com/v0/b/vizo-fd61c.appspot.com/o/images%2FbXGM9s9y2-8BzEg5ad_bq.jpg?alt=media&token=9cc9da63-e011-48b2-ac43-8d02227821f0',2,1500,844,NULL),(17,3,'','Under2','2023-07-03 00:00:00.000000','2023-07-12 08:37:55.348000',15,'https://firebasestorage.googleapis.com/v0/b/vizo-fd61c.appspot.com/o/images%2FGQSlJdF1bpxGpbSEqXwWf.jpg?alt=media&token=78c513a1-0109-4ffa-bf54-96f7a04276f7',25,1500,1000,NULL),(18,3,'','Food','2023-06-29 00:00:00.000000','2023-07-12 08:38:32.648000',16,'https://firebasestorage.googleapis.com/v0/b/vizo-fd61c.appspot.com/o/images%2FZNcxL32qQBWiW5o7kDKT0.jpg?alt=media&token=bf60619a-c5da-4e12-8fba-d86814e69171',3,462,1000,NULL),(19,4,'','Travel1','2023-07-03 00:00:00.000000','2023-07-12 08:40:13.679000',17,'https://firebasestorage.googleapis.com/v0/b/vizo-fd61c.appspot.com/o/images%2FoW3Lh1C6DOyhSBNr_afS0.jpg?alt=media&token=039f029d-873f-4df2-8043-007a0440aa1a',24,1500,1000,NULL),(20,4,'','Bird6','2023-07-01 00:00:00.000000','2023-07-12 08:50:20.574000',18,'https://firebasestorage.googleapis.com/v0/b/vizo-fd61c.appspot.com/o/images%2F9womXXqrsR0HXJDEIbpAA.jpg?alt=media&token=b1329b43-d580-40aa-9436-b2b1807da58d',16,1500,1000,NULL),(21,4,'','Flower','2023-06-28 00:00:00.000000','2023-07-12 08:50:56.906000',19,'https://firebasestorage.googleapis.com/v0/b/vizo-fd61c.appspot.com/o/images%2FUdl_a_6lVJr4crAK4lBVP.jpg?alt=media&token=05e6cf51-fe2c-4c8d-9be6-487c5199422e',16,1000,578,NULL),(22,4,'','Food3','2023-06-01 00:00:00.000000','2023-07-12 08:51:42.418000',20,'https://firebasestorage.googleapis.com/v0/b/vizo-fd61c.appspot.com/o/images%2FvE5EuRW7EtVc8qh6_LaGi.jpg?alt=media&token=d431bf19-8b70-4894-8cad-faf05980acf7',10,1500,1125,NULL),(23,4,'','Duck','2023-06-21 00:00:00.000000','2023-07-12 08:52:28.463000',21,'https://firebasestorage.googleapis.com/v0/b/vizo-fd61c.appspot.com/o/images%2FOQg-HznrocSwFYhmIMe8A.jpg?alt=media&token=7e85ba4c-fb8d-4aeb-a5ac-2954850ae88d',16,2000,1333,NULL),(24,11,'','Food10','2023-07-06 00:00:00.000000','2023-07-12 08:54:30.116000',22,'https://firebasestorage.googleapis.com/v0/b/vizo-fd61c.appspot.com/o/images%2FkEd7Adae2b5QyFP3nslcq.jpg?alt=media&token=d51ee1e3-eaa6-4e37-a036-e12cd216d1e8',10,1030,600,NULL),(25,11,'','City60','2023-05-06 00:00:00.000000','2023-07-12 08:55:06.968000',23,'https://firebasestorage.googleapis.com/v0/b/vizo-fd61c.appspot.com/o/images%2FqUuY-k6t7r4OggWNsBjwH.jpg?alt=media&token=5a35d6b4-6509-4547-8b6a-01144688943f',5,2000,1335,NULL),(26,11,'','Tiger','2023-05-10 00:00:00.000000','2023-07-12 08:55:53.359000',24,'https://firebasestorage.googleapis.com/v0/b/vizo-fd61c.appspot.com/o/images%2F4cTbPjlhY6jWWeAD1DUAI.jpg?alt=media&token=0b8bc20e-1be8-499b-b413-522ba26c0590',2,1500,1000,NULL),(27,11,'','Nature4','2023-05-09 00:00:00.000000','2023-07-12 08:56:47.245000',25,'https://firebasestorage.googleapis.com/v0/b/vizo-fd61c.appspot.com/o/images%2F-6TP2ZiqqCh3wzqK0luOx.jpg?alt=media&token=22999e61-dbbb-4d83-a7b7-af0b11c2f79c',16,2000,1463,NULL),(28,11,'','People','2023-05-16 00:00:00.000000','2023-07-12 08:57:37.110000',26,'https://firebasestorage.googleapis.com/v0/b/vizo-fd61c.appspot.com/o/images%2FTgPNOMEGNExrC6GR6fMRo.jpg?alt=media&token=88276c7b-9103-4e23-9414-2c95f3ec6f06',18,1920,1280,NULL),(29,11,'','Nature90','2023-06-08 00:00:00.000000','2023-07-12 08:58:22.167000',27,'https://firebasestorage.googleapis.com/v0/b/vizo-fd61c.appspot.com/o/images%2FRJZcIYmMQTgvob7a1Q_XN.jpg?alt=media&token=d57310d3-8bb0-4810-b933-cea5a144d8bc',16,1000,667,NULL),(30,12,'','Food19','2023-05-04 00:00:00.000000','2023-07-12 09:00:59.346000',28,'https://firebasestorage.googleapis.com/v0/b/vizo-fd61c.appspot.com/o/images%2F9d6q5DkuO_BdbgUPaWirc.jpg?alt=media&token=664b0339-31c0-42ef-a5c1-6ea43521a482',10,400,600,NULL),(31,12,'','Night','2023-05-15 00:00:00.000000','2023-07-12 09:01:50.248000',29,'https://firebasestorage.googleapis.com/v0/b/vizo-fd61c.appspot.com/o/images%2FCGQdaaxJ8Rx4yBzmqd46e.jpg?alt=media&token=552039ef-e6da-4a09-a889-85c35528769f',17,2000,1125,NULL),(32,12,'','Nature3','2023-07-04 00:00:00.000000','2023-07-12 09:02:33.593000',30,'https://firebasestorage.googleapis.com/v0/b/vizo-fd61c.appspot.com/o/images%2F0XrjaNqmD2vjdeNuvtkEc.jpg?alt=media&token=884e07aa-57be-4e76-b6ff-33660b3135b2',16,1361,600,NULL),(33,12,'','Night11','2023-06-06 00:00:00.000000','2023-07-12 09:10:48.231000',31,'https://firebasestorage.googleapis.com/v0/b/vizo-fd61c.appspot.com/o/images%2F7Z8c8RfIt17333NiO4YdH.jpg?alt=media&token=c2ae8bbb-4a10-43b7-9339-d93f5815f703',17,2000,1125,NULL),(34,12,'','Sport5','2023-07-07 00:00:00.000000','2023-07-12 09:11:37.547000',32,'https://firebasestorage.googleapis.com/v0/b/vizo-fd61c.appspot.com/o/images%2F5rvtzaHy-wc04uhEV9pGB.jpg?alt=media&token=f90ae87f-65f7-4ac1-a98b-41a0fc9aeae0',20,2000,1125,NULL),(35,12,'','People2','2023-05-06 00:00:00.000000','2023-07-12 09:12:44.822000',33,'https://firebasestorage.googleapis.com/v0/b/vizo-fd61c.appspot.com/o/images%2FtRqbwe6z_FCwRAuEGWIZi.jpg?alt=media&token=c3dfd7fc-6b8e-4cac-ab70-88412e6f8577',18,714,1000,NULL);
/*!40000 ALTER TABLE `image` ENABLE KEYS */;
UNLOCK TABLES;

--
-- Table structure for table `like`
--

DROP TABLE IF EXISTS `like`;
/*!40101 SET @saved_cs_client     = @@character_set_client */;
/*!50503 SET character_set_client = utf8 */;
CREATE TABLE `like` (
  `Id` int NOT NULL AUTO_INCREMENT,
  `UserId` int NOT NULL,
  `ImageId` int NOT NULL,
  PRIMARY KEY (`Id`),
  KEY `IX_like_ImageId` (`ImageId`),
  KEY `IX_like_UserId` (`UserId`),
  CONSTRAINT `FK_like_image_ImageId` FOREIGN KEY (`ImageId`) REFERENCES `image` (`Id`) ON DELETE CASCADE,
  CONSTRAINT `FK_like_users_UserId` FOREIGN KEY (`UserId`) REFERENCES `users` (`Id`) ON DELETE CASCADE
) ENGINE=InnoDB AUTO_INCREMENT=12 DEFAULT CHARSET=utf8 COLLATE=utf8_general_ci;
/*!40101 SET character_set_client = @saved_cs_client */;

--
-- Dumping data for table `like`
--

LOCK TABLES `like` WRITE;
/*!40000 ALTER TABLE `like` DISABLE KEYS */;
INSERT INTO `like` VALUES (1,12,30),(2,12,31),(3,12,1),(4,1,34),(5,1,13),(6,1,14),(7,1,1),(8,2,1),(9,3,1),(10,4,1),(11,5,1);
/*!40000 ALTER TABLE `like` ENABLE KEYS */;
UNLOCK TABLES;

--
-- Table structure for table `location`
--

DROP TABLE IF EXISTS `location`;
/*!40101 SET @saved_cs_client     = @@character_set_client */;
/*!50503 SET character_set_client = utf8 */;
CREATE TABLE `location` (
  `Id` int NOT NULL AUTO_INCREMENT,
  `Country` longtext CHARACTER SET utf8 COLLATE utf8_general_ci,
  `City` longtext CHARACTER SET utf8 COLLATE utf8_general_ci,
  PRIMARY KEY (`Id`)
) ENGINE=InnoDB AUTO_INCREMENT=34 DEFAULT CHARSET=utf8 COLLATE=utf8_general_ci;
/*!40101 SET character_set_client = @saved_cs_client */;

--
-- Dumping data for table `location`
--

LOCK TABLES `location` WRITE;
/*!40000 ALTER TABLE `location` DISABLE KEYS */;
INSERT INTO `location` VALUES (1,'American Samoa','City1'),(2,'Anguilla','City2'),(3,'Bhutan','City3'),(4,'Anguilla','City4'),(5,'Andorra','City4'),(6,'Andorra','City3'),(7,'Albania','City4'),(8,'American Samoa','City4'),(9,'American Samoa','City6'),(10,'Angola','City2'),(11,'American Samoa','City3'),(12,'Antigua and Barbuda','City8'),(13,'Antigua and Barbuda','City3'),(14,'Algeria','City10'),(15,'Latvia','City6'),(16,'Honduras','City98'),(17,'Algeria','City77'),(18,'Antigua and Barbuda','City10'),(19,'Anguilla','City10'),(20,'Republic of North Macedonia','City90'),(21,'Angola','City5'),(22,'Algeria','City55'),(23,'Papua New Guinea','City5'),(24,'Haiti','City7'),(25,'American Samoa','ddd'),(26,'Algeria','09'),(27,'Costa Rica','City8'),(28,'Chile','City54'),(29,'Mauritius','City42'),(30,'Angola','City6'),(31,'Antarctica','City3'),(32,'Cuba','City72'),(33,'American Samoa','City67');
/*!40000 ALTER TABLE `location` ENABLE KEYS */;
UNLOCK TABLES;

--
-- Table structure for table `notification`
--

DROP TABLE IF EXISTS `notification`;
/*!40101 SET @saved_cs_client     = @@character_set_client */;
/*!50503 SET character_set_client = utf8 */;
CREATE TABLE `notification` (
  `Id` int NOT NULL AUTO_INCREMENT,
  `Type` int NOT NULL,
  `ImageId` int DEFAULT NULL,
  `SenderId` int NOT NULL,
  `ReceiverId` int NOT NULL,
  `Timestamp` datetime(6) NOT NULL,
  PRIMARY KEY (`Id`),
  KEY `IX_notification_ImageId` (`ImageId`),
  KEY `IX_notification_ReceiverId` (`ReceiverId`),
  KEY `IX_notification_SenderId` (`SenderId`),
  CONSTRAINT `FK_notification_image_ImageId` FOREIGN KEY (`ImageId`) REFERENCES `image` (`Id`),
  CONSTRAINT `FK_notification_users_ReceiverId` FOREIGN KEY (`ReceiverId`) REFERENCES `users` (`Id`) ON DELETE CASCADE,
  CONSTRAINT `FK_notification_users_SenderId` FOREIGN KEY (`SenderId`) REFERENCES `users` (`Id`) ON DELETE CASCADE
) ENGINE=InnoDB AUTO_INCREMENT=16 DEFAULT CHARSET=utf8 COLLATE=utf8_general_ci;
/*!40101 SET character_set_client = @saved_cs_client */;

--
-- Dumping data for table `notification`
--

LOCK TABLES `notification` WRITE;
/*!40000 ALTER TABLE `notification` DISABLE KEYS */;
INSERT INTO `notification` VALUES (11,1,1,12,1,'2023-07-12 12:27:50.369889'),(12,0,NULL,12,1,'2023-07-12 12:29:31.961506'),(13,1,34,1,12,'2023-07-12 12:34:14.449163'),(14,1,13,1,2,'2023-07-12 12:34:18.645351'),(15,1,14,1,3,'2023-07-12 12:34:20.040585');
/*!40000 ALTER TABLE `notification` ENABLE KEYS */;
UNLOCK TABLES;

--
-- Table structure for table `report`
--

DROP TABLE IF EXISTS `report`;
/*!40101 SET @saved_cs_client     = @@character_set_client */;
/*!50503 SET character_set_client = utf8 */;
CREATE TABLE `report` (
  `Id` int NOT NULL AUTO_INCREMENT,
  `Name` longtext CHARACTER SET utf8 COLLATE utf8_general_ci,
  `Email` longtext CHARACTER SET utf8 COLLATE utf8_general_ci,
  `Message` longtext CHARACTER SET utf8 COLLATE utf8_general_ci NOT NULL,
  `ImageId` int DEFAULT NULL,
  `UserId` int DEFAULT NULL,
  PRIMARY KEY (`Id`),
  KEY `IX_report_ImageId` (`ImageId`),
  KEY `IX_report_UserId` (`UserId`),
  CONSTRAINT `FK_report_image_ImageId` FOREIGN KEY (`ImageId`) REFERENCES `image` (`Id`),
  CONSTRAINT `FK_report_users_UserId` FOREIGN KEY (`UserId`) REFERENCES `users` (`Id`)
) ENGINE=InnoDB DEFAULT CHARSET=utf8 COLLATE=utf8_general_ci;
/*!40101 SET character_set_client = @saved_cs_client */;

--
-- Dumping data for table `report`
--

LOCK TABLES `report` WRITE;
/*!40000 ALTER TABLE `report` DISABLE KEYS */;
/*!40000 ALTER TABLE `report` ENABLE KEYS */;
UNLOCK TABLES;

--
-- Table structure for table `token`
--

DROP TABLE IF EXISTS `token`;
/*!40101 SET @saved_cs_client     = @@character_set_client */;
/*!50503 SET character_set_client = utf8 */;
CREATE TABLE `token` (
  `Id` int NOT NULL AUTO_INCREMENT,
  `TokenValue` longtext CHARACTER SET utf8 COLLATE utf8_general_ci,
  `IsValid` tinyint(1) NOT NULL,
  `ExpirationDate` datetime(6) NOT NULL,
  PRIMARY KEY (`Id`)
) ENGINE=InnoDB DEFAULT CHARSET=utf8 COLLATE=utf8_general_ci;
/*!40101 SET character_set_client = @saved_cs_client */;

--
-- Dumping data for table `token`
--

LOCK TABLES `token` WRITE;
/*!40000 ALTER TABLE `token` DISABLE KEYS */;
/*!40000 ALTER TABLE `token` ENABLE KEYS */;
UNLOCK TABLES;

--
-- Table structure for table `users`
--

DROP TABLE IF EXISTS `users`;
/*!40101 SET @saved_cs_client     = @@character_set_client */;
/*!50503 SET character_set_client = utf8 */;
CREATE TABLE `users` (
  `Id` int NOT NULL AUTO_INCREMENT,
  `Email` longtext CHARACTER SET utf8 COLLATE utf8_general_ci NOT NULL,
  `Password` longtext CHARACTER SET utf8 COLLATE utf8_general_ci NOT NULL,
  `Role` longtext CHARACTER SET utf8 COLLATE utf8_general_ci NOT NULL,
  `Name` longtext CHARACTER SET utf8 COLLATE utf8_general_ci NOT NULL,
  `Username` longtext CHARACTER SET utf8 COLLATE utf8_general_ci NOT NULL,
  `Description` longtext CHARACTER SET utf8 COLLATE utf8_general_ci,
  `LocationId` int DEFAULT NULL,
  `BackgroundPhoto` longtext CHARACTER SET utf8 COLLATE utf8_general_ci,
  `ProfilePhoto` longtext CHARACTER SET utf8 COLLATE utf8_general_ci,
  `RefreshToken` longtext CHARACTER SET utf8 COLLATE utf8_general_ci,
  `RefreshTokenExpiryTime` datetime(6) NOT NULL,
  `RegisterDate` datetime(6) NOT NULL,
  PRIMARY KEY (`Id`),
  KEY `IX_users_LocationId` (`LocationId`),
  CONSTRAINT `FK_users_location_LocationId` FOREIGN KEY (`LocationId`) REFERENCES `location` (`Id`)
) ENGINE=InnoDB AUTO_INCREMENT=13 DEFAULT CHARSET=utf8 COLLATE=utf8_general_ci;
/*!40101 SET character_set_client = @saved_cs_client */;

--
-- Dumping data for table `users`
--

LOCK TABLES `users` WRITE;
/*!40000 ALTER TABLE `users` DISABLE KEYS */;
INSERT INTO `users` VALUES (1,'pop_ruxandra@yahoo.com','8bd5cb4b0b0b6b2972b370029534389dc334b0a5fb493dfdef8fad1a6d692f59','EDITOR','Pop Ruxandra','ruxandrapop',NULL,NULL,NULL,NULL,'vxtNTtftrI2A3Ev1K/IZdipkp0AbZexaltQHcblhzmc=','2023-07-19 12:41:01.204715','2023-07-12 08:46:59.492000'),(2,'viman_andrei@yahoo.com','8bd5cb4b0b0b6b2972b370029534389dc334b0a5fb493dfdef8fad1a6d692f59','USER','Viman Andrei','andreivimana',NULL,NULL,NULL,NULL,NULL,'0001-01-01 00:00:00.000000','2023-07-12 08:46:25.134000'),(3,'timis_iulia@yahoo.com','8bd5cb4b0b0b6b2972b370029534389dc334b0a5fb493dfdef8fad1a6d692f59','USER','Timis Iulia','iuliatimis',NULL,NULL,NULL,NULL,NULL,'0001-01-01 00:00:00.000000','2023-07-12 08:47:22.513000'),(4,'crisan_catalin@yahoo.com','8bd5cb4b0b0b6b2972b370029534389dc334b0a5fb493dfdef8fad1a6d692f59','USER','Crisan Catalin','catalincrisan',NULL,NULL,NULL,NULL,'CYgSgL5DTvznI75sz6zkQJzyXGiqr0CkL1eZp+tB8n8=','2023-07-19 11:49:39.171488','2023-07-12 08:48:44.060000'),(5,'rus_andrei@yahoo.com','8bd5cb4b0b0b6b2972b370029534389dc334b0a5fb493dfdef8fad1a6d692f59','USER','Rus Andrei','andreirus',NULL,NULL,NULL,NULL,'Zzv8L17h1n/zTE/vJrLMNvpsB3TZWaxE7aR75kZqcag=','2023-07-19 11:59:28.730456','2023-07-12 08:59:16.290000'),(11,'buzila_gabriel@yahoo.com','8bd5cb4b0b0b6b2972b370029534389dc334b0a5fb493dfdef8fad1a6d692f59','USER','Buzila Gabriel','gabrielbuzila',NULL,NULL,NULL,NULL,'psNWaD89zXQSIf4wOiAMqfrFCyHuKNkrFMKe4S7Ug/s=','2023-07-19 11:53:59.132780','2023-07-12 08:53:44.080000'),(12,'pop_dorina@yahoo.com','8bd5cb4b0b0b6b2972b370029534389dc334b0a5fb493dfdef8fad1a6d692f59','USER','Pop Dorina','dorinapop',NULL,NULL,NULL,NULL,'Zzv8L17h1n/zTE/vJrLMNvpsB3TZWaxE7aR75kZqcag=','2023-07-19 11:59:28.730456','2023-07-12 08:59:16.290000');
/*!40000 ALTER TABLE `users` ENABLE KEYS */;
UNLOCK TABLES;
/*!40103 SET TIME_ZONE=@OLD_TIME_ZONE */;

/*!40101 SET SQL_MODE=@OLD_SQL_MODE */;
/*!40014 SET FOREIGN_KEY_CHECKS=@OLD_FOREIGN_KEY_CHECKS */;
/*!40014 SET UNIQUE_CHECKS=@OLD_UNIQUE_CHECKS */;
/*!40101 SET CHARACTER_SET_CLIENT=@OLD_CHARACTER_SET_CLIENT */;
/*!40101 SET CHARACTER_SET_RESULTS=@OLD_CHARACTER_SET_RESULTS */;
/*!40101 SET COLLATION_CONNECTION=@OLD_COLLATION_CONNECTION */;
/*!40111 SET SQL_NOTES=@OLD_SQL_NOTES */;

-- Dump completed on 2023-07-12 19:26:54
